날짜,코스피,PBR,배당수익률,삼성전자,,
2016-01-04,14.74,1.08,1.36,10.50,,15.61526048
2016-01-05,14.83,1.08,1.35,10.53,,14.22
2016-01-06,14.79,1.08,1.35,10.24,,
2016-01-07,14.63,1.07,1.37,10.14,,
2016-01-08,14.73,1.08,1.36,10.20,,
2016-01-11,14.55,1.06,1.38,10.04,,
2016-01-12,14.52,1.06,1.38,9.99,,
2016-01-13,14.72,1.07,1.36,10.00,,
2016-01-14,14.59,1.07,1.37,9.92,,
2016-01-15,14.43,1.05,1.39,9.87,,
2016-01-18,14.43,1.05,1.39,9.81,,
2016-01-19,14.51,1.06,1.38,10.20,,
2016-01-20,14.17,1.03,1.41,9.92,,
2016-01-21,14.13,1.03,1.42,9.86,,
2016-01-22,14.42,1.05,1.39,10.18,,
2016-01-25,14.53,1.06,1.38,10.13,,
2016-01-26,14.36,1.05,1.39,9.91,,
2016-01-27,14.56,1.06,1.37,10.24,,
2016-01-28,14.63,1.07,1.37,9.98,,
2016-01-29,14.7,1.07,1.36,10.02,,
2016-02-01,14.8,1.08,1.35,10.14,,
2016-02-02,14.66,1.07,1.37,10.07,,
2016-02-03,14.54,1.06,1.38,9.99,,
2016-02-04,14.59,1.07,1.36,10.07,,
2016-02-05,14.75,1.08,1.36,10.14,,
2016-02-11,15.17,1.05,1.4,9.85,,
2016-02-12,14.95,1.03,1.42,9.85,,
2016-02-15,15.18,1.05,1.4,10.06,,
2016-02-16,15.39,1.06,1.38,10.18,,
2016-02-17,15.35,1.06,1.38,10.33,,
2016-02-18,15.56,1.07,1.36,10.34,,
2016-02-19,15.62,1.08,1.36,10.37,,
2016-02-22,15.62,1.08,1.36,10.24,,
2016-02-23,15.6,1.08,1.36,10.29,,
2016-02-24,15.59,1.08,1.36,10.21,,
2016-02-25,15.64,1.08,1.36,10.27,,
2016-02-26,15.66,1.08,1.35,10.21,,
2016-02-29,15.63,1.08,1.36,10.27,,
2016-03-02,15.88,1.1,1.33,10.43,,
2016-03-03,15.97,1.1,1.33,10.63,,
2016-03-04,15.95,1.1,1.33,10.59,,
2016-03-07,15.83,1.1,1.33,10.66,,
2016-03-08,15.73,1.1,1.34,10.39,,
2016-03-09,15.79,1.1,1.33,10.41,,
2016-03-10,15.92,1.11,1.32,10.68,,
2016-03-11,15.93,1.11,1.32,10.88,,
2016-03-14,15.94,1.11,1.32,10.94,,
2016-03-15,15.91,1.11,1.32,10.92,,
2016-03-16,15.95,1.11,1.32,10.95,,
2016-03-17,16.05,1.12,1.31,11.01,,
2016-03-18,16.19,1.12,1.3,11.09,,
2016-03-21,16.15,1.12,1.3,11.04,,
2016-03-22,16.21,1.12,1.3,11.06,,
2016-03-23,16.19,1.12,1.3,11.15,,
2016-03-24,16.12,1.12,1.31,11.17,,
2016-03-25,16.1,1.12,1.31,11.22,,
2016-03-28,16.09,1.12,1.31,11.28,,
2016-03-29,16.19,1.12,1.3,11.24,,
2016-03-30,16.26,1.13,1.3,11.40,,
2016-03-31,16.2,1.12,1.3,11.43,,
2016-04-01,16.02,1.11,1.32,10.94,,
2016-04-04,16.06,1.11,1.31,11.17,,
2016-04-05,15.93,1.11,1.32,10.78,,
2016-04-06,16,1.11,1.32,10.99,,
2016-04-07,16.02,1.11,1.32,10.86,,
2016-04-08,16.01,1.11,1.32,10.66,,
2016-04-11,16,1.11,1.32,10.83,,
2016-04-12,16.09,1.12,1.31,10.91,,
2016-04-14,16.39,1.14,1.29,11.12,,
2016-04-15,16.38,1.14,1.29,11.12,,
2016-04-18,16.34,1.13,1.29,11.11,,
2016-04-19,16.35,1.13,1.29,11.02,,
2016-04-20,16.31,1.13,1.3,11.11,,
2016-04-21,16.45,1.14,1.29,11.07,,
2016-04-22,16.39,1.14,1.29,10.95,,
2016-04-25,16.38,1.13,1.29,10.96,,
2016-04-26,16.42,1.14,1.29,11.09,,
2016-04-27,16.38,1.14,1.29,11.12,,
2016-04-28,16.26,1.13,1.3,10.82,,
2016-04-29,16.21,1.12,1.28,10.65,,
2016-05-02,13.86,1.04,1.69,10.69,,
2016-05-03,13.92,1.05,1.68,10.79,,
2016-05-04,13.85,1.04,1.69,11.04,,
2016-05-09,13.79,1.04,1.7,11.11,,
2016-05-10,13.89,1.05,1.68,11.09,,
2016-05-11,13.87,1.04,1.69,11.05,,
2016-05-12,13.86,1.04,1.69,10.96,,
2016-05-13,13.79,1.04,1.7,10.72,,
2016-05-16,13.79,1.04,1.7,10.68,,
2016-05-17,13.8,1.04,1.7,10.81,,
2016-05-18,13.72,1.03,1.71,10.85,,
2016-05-19,13.65,1.03,1.71,10.87,,
2016-05-20,13.66,1.03,1.71,10.86,,
2016-05-23,13.71,1.03,1.71,11.00,,
2016-05-24,13.59,1.02,1.72,10.87,,
2016-05-25,13.75,1.03,1.7,11.08,,
2016-05-26,13.73,1.03,1.7,11.09,,
2016-05-27,13.81,1.04,1.69,10.97,,
2016-05-30,13.8,1.04,1.7,10.95,,
2016-05-31,13.91,1.05,1.68,11.05,,
2016-06-01,13.91,1.05,1.68,11.41,,
2016-06-02,13.92,1.05,1.68,11.68,,
2016-06-03,13.93,1.05,1.68,11.78,,
2016-06-07,14.11,1.06,1.66,11.96,,
2016-06-08,14.22,1.07,1.65,12.03,,
2016-06-09,14.2,1.07,1.65,12.23,,
2016-06-10,14.15,1.06,1.65,12.03,,
2016-06-13,13.88,1.04,1.69,11.73,,
2016-06-14,13.83,1.04,1.69,11.81,,
2016-06-15,13.81,1.04,1.69,12.09,,
2016-06-16,13.69,1.03,1.71,12.06,,
2016-06-17,13.7,1.03,1.71,12.20,,
2016-06-20,13.9,1.05,1.68,12.24,,
2016-06-21,13.92,1.05,1.68,12.39,,
2016-06-22,13.99,1.05,1.67,12.36,,
2016-06-23,13.94,1.05,1.68,12.23,,
2016-06-24,13.51,1.02,1.73,11.98,,
2016-06-27,13.52,1.02,1.73,11.96,,
2016-06-28,13.59,1.02,1.72,11.97,,
2016-06-29,13.73,1.03,1.7,11.94,,
2016-06-30,13.83,1.04,1.69,12.19,,
2016-07-01,13.95,1.05,1.68,13.00,,
2016-07-04,14.01,1.05,1.67,13.00,,
2016-07-05,13.97,1.05,1.67,13.02,,
2016-07-06,13.71,1.03,1.71,12.60,,
2016-07-07,13.86,1.04,1.69,12.86,,
2016-07-08,13.78,1.04,1.7,12.94,,
2016-07-11,13.96,1.05,1.68,13.20,,
2016-07-12,13.98,1.05,1.67,12.98,,
2016-07-13,14.08,1.06,1.66,13.13,,
2016-07-14,14.1,1.06,1.66,13.30,,
2016-07-15,14.18,1.07,1.65,13.46,,
2016-07-18,14.21,1.07,1.65,13.59,,
2016-07-19,14.18,1.07,1.65,13.59,,
2016-07-20,14.17,1.07,1.65,13.65,,
2016-07-21,14.15,1.06,1.66,13.68,,
2016-07-22,14.13,1.06,1.66,13.44,,
2016-07-25,14.15,1.06,1.66,13.32,,
2016-07-26,14.25,1.07,1.64,13.56,,
2016-07-27,14.24,1.07,1.65,13.54,,
2016-07-28,14.21,1.07,1.65,13.36,,
2016-07-29,14.19,1.07,1.65,13.64,,
2016-08-01,14.28,1.07,1.64,13.90,,
2016-08-02,14.2,1.07,1.65,13.72,,
2016-08-03,14.03,1.06,1.67,13.45,,
2016-08-04,14.07,1.06,1.67,13.45,,
2016-08-05,14.2,1.07,1.65,13.84,,
2016-08-08,14.29,1.07,1.64,13.91,,
2016-08-09,14.38,1.08,1.63,13.89,,
2016-08-10,14.39,1.08,1.63,13.66,,
2016-08-11,14.42,1.08,1.63,13.82,,
2016-08-12,14.43,1.09,1.62,13.70,,
2016-08-16,14.41,1.08,1.63,13.90,,
2016-08-17,14.38,1.08,1.63,13.88,,
2016-08-18,14.47,1.09,1.62,14.54,,
2016-08-19,14.47,1.09,1.62,14.85,,
2016-08-22,14.37,1.08,1.63,14.76,,
2016-08-23,14.43,1.08,1.62,14.96,,
2016-08-24,14.38,1.08,1.63,14.66,,
2016-08-25,14.38,1.08,1.63,14.53,,
2016-08-26,14.34,1.08,1.63,14.29,,
2016-08-29,14.3,1.08,1.64,14.54,,
2016-08-30,14.36,1.08,1.63,14.58,,
2016-08-31,14.32,1.08,1.64,14.36,,
2016-09-01,14.29,1.08,1.64,14.07,,
2016-09-02,14.33,1.08,1.63,14.16,,
2016-09-05,14.49,1.09,1.62,14.24,,
2016-09-06,14.53,1.09,1.61,14.57,,
2016-09-07,14.5,1.09,1.62,14.37,,
2016-09-08,14.51,1.09,1.61,14.53,,
2016-09-09,14.33,1.08,1.63,13.96,,
2016-09-12,14.01,1.05,1.67,12.99,,
2016-09-13,14.06,1.06,1.67,13.54,,
2016-09-19,14.18,1.07,1.65,13.81,,
2016-09-20,14.25,1.07,1.64,14.05,,
2016-09-21,14.32,1.08,1.64,14.11,,
2016-09-22,14.42,1.09,1.62,14.34,,
2016-09-23,14.46,1.09,1.62,13.93,,
2016-09-26,14.41,1.08,1.63,13.90,,
2016-09-27,14.52,1.09,1.61,13.91,,
2016-09-28,14.45,1.09,1.62,13.89,,
2016-09-29,14.56,1.1,1.61,14.19,,
2016-09-30,14.51,1.08,1.63,14.17,,
2016-10-04,13.33,1.01,1.53,11.80,,
2016-10-05,13.32,1.01,1.53,11.84,,
2016-10-06,13.4,1.02,1.52,12.36,,
2016-10-07,13.33,1.01,1.53,12.47,,
2016-10-10,13.33,1.01,1.53,12.28,,
2016-10-11,13.17,1,1.55,11.30,,
2016-10-12,13.18,1,1.55,11.22,,
2016-10-13,13.06,0.99,1.56,11.38,,
2016-10-14,13.11,0.99,1.56,11.53,,
2016-10-17,13.15,1,1.55,11.63,,
2016-10-18,13.24,1.01,1.54,11.62,,
2016-10-19,13.24,1.01,1.54,11.88,,
2016-10-20,13.24,1.01,1.54,11.85,,
2016-10-21,13.19,1,1.54,11.62,,
2016-10-24,13.29,1.01,1.53,11.76,,
2016-10-25,13.22,1,1.54,11.68,,
2016-10-26,13.07,0.99,1.56,11.46,,
2016-10-27,13.13,1,1.55,11.50,,
2016-10-28,13.1,1,1.55,11.80,,
2016-10-31,13.03,0.99,1.56,11.98,,
2016-11-01,13.02,0.99,1.56,12.08,,
2016-11-02,12.84,0.98,1.58,12.01,,
2016-11-03,12.87,0.98,1.58,11.82,,
2016-11-04,12.86,0.98,1.58,11.90,,
2016-11-07,12.96,0.99,1.57,11.99,,
2016-11-08,13,0.99,1.56,12.02,,
2016-11-09,12.71,0.97,1.6,11.67,,
2016-11-10,13,0.99,1.56,12.06,,
2016-11-11,12.72,0.98,1.57,11.68,,
2016-11-14,12.66,0.98,1.58,11.36,,
2016-11-15,12.61,0.98,1.58,11.25,,
2016-11-16,12.69,0.98,1.57,11.39,,
2016-11-17,12.7,0.98,1.57,11.47,,
2016-11-18,12.66,0.98,1.57,11.60,,
2016-11-21,12.62,0.98,1.58,11.65,,
2016-11-22,12.74,0.98,1.56,11.99,,
2016-11-23,12.77,0.99,1.56,12.06,,
2016-11-24,12.66,0.98,1.57,12.06,,
2016-11-25,12.68,0.98,1.57,12.06,,
2016-11-28,12.7,0.98,1.57,12.26,,
2016-11-29,12.71,0.98,1.57,12.26,,
2016-11-30,12.74,0.98,1.56,12.77,,
2016-12-01,13.59,0.97,1.56,12.79,,
2016-12-02,13.5,0.97,1.57,12.63,,
2016-12-05,13.45,0.96,1.58,12.56,,
2016-12-06,13.63,0.97,1.56,12.78,,
2016-12-07,13.65,0.98,1.56,12.96,,
2016-12-08,13.92,1,1.53,13.09,,
2016-12-09,13.87,0.99,1.53,13.02,,
2016-12-12,13.89,0.99,1.53,12.81,,
2016-12-13,13.95,1,1.52,12.91,,
2016-12-14,13.96,1,1.52,12.99,,
2016-12-15,13.96,1,1.52,12.86,,
2016-12-16,14,1,1.52,13.11,,
2016-12-19,13.97,1,1.52,13.13,,
2016-12-20,13.99,1,1.52,13.25,,
2016-12-21,13.99,1,1.52,13.20,,
2016-12-22,13.98,1,1.52,13.23,,
2016-12-23,13.98,1,1.52,13.03,,
2016-12-26,13.99,1,1.52,13.15,,
2016-12-27,14.03,1,1.51,13.15,,
2016-12-28,13.91,1,1.53,13.07,,
2016-12-29,13.92,1,1.52,13.18,,
2017-01-02,13.92,1,1.52,11.90,,
2017-01-03,14.04,1.01,1.51,12.02,,
2017-01-04,14.05,1.01,1.51,11.92,,
2017-01-05,14.03,1,1.51,11.72,,
2017-01-06,14.08,1.01,1.51,11.93,,
2017-01-09,14.07,1.01,1.51,12.27,,
2017-01-10,14.05,1.01,1.51,12.27,,
2017-01-11,14.26,1.02,1.49,12.62,,
2017-01-12,14.34,1.03,1.48,12.79,,
2017-01-13,14.27,1.02,1.49,12.35,,
2017-01-16,14.18,1.01,1.5,12.08,,
2017-01-17,14.23,1.02,1.49,12.18,,
2017-01-18,14.22,1.02,1.49,12.17,,
2017-01-19,14.24,1.02,1.49,12.35,,
2017-01-20,14.19,1.02,1.5,12.26,,
2017-01-23,14.2,1.02,1.5,12.54,,
2017-01-24,14.2,1.02,1.49,12.58,,
2017-01-25,14.21,1.02,1.49,12.98,,
2017-01-26,14.32,1.03,1.48,13.15,,
2017-01-31,14.22,1.02,1.49,13.00,,
2017-02-01,14.3,1.02,1.48,12.89,,
2017-02-02,14.24,1.02,1.49,12.97,,
2017-02-03,14.25,1.02,1.49,13.00,,
2017-02-06,14.28,1.02,1.49,13.04,,
2017-02-07,14.27,1.02,1.49,12.79,,
2017-02-08,14.2,1.02,1.49,12.66,,
2017-02-09,14.2,1.02,1.49,12.66,,
2017-02-10,14.26,1.02,1.49,12.64,,
2017-02-13,14.29,1.02,1.48,12.51,,
2017-02-14,14.26,1.02,1.49,12.39,,
2017-02-15,14.33,1.03,1.48,12.43,,
2017-02-16,14.31,1.02,1.48,12.53,,
2017-02-17,14.3,1.02,1.48,12.48,,
2017-02-20,14.33,1.03,1.48,12.74,,
2017-02-21,14.46,1.04,1.47,12.83,,
2017-02-22,14.48,1.04,1.47,12.95,,
2017-02-23,14.49,1.04,1.46,12.91,,
2017-02-24,14.4,1.03,1.47,12.60,,
2017-02-27,14.34,1.03,1.48,12.54,,
2017-02-28,14.38,1.03,1.48,12.67,,
2017-03-02,14.46,1.04,1.47,13.09,,
2017-03-03,14.29,1.02,1.48,13.06,,
2017-03-06,14.31,1.02,1.48,13.21,,
2017-03-07,14.4,1.03,1.47,13.25,,
2017-03-08,14.41,1.03,1.47,13.25,,
2017-03-09,14.38,1.03,1.48,13.25,,
2017-03-10,14.42,1.03,1.47,13.24,,
2017-03-13,14.56,1.04,1.46,13.38,,
2017-03-14,14.67,1.05,1.45,13.63,,
2017-03-15,14.66,1.05,1.45,13.64,,
2017-03-16,14.78,1.06,1.43,13.79,,
2017-03-17,14.91,1.07,1.42,13.97,,
2017-03-20,14.86,1.06,1.43,13.81,,
2017-03-21,15.01,1.07,1.41,14.03,,
2017-03-22,14.94,1.07,1.42,13.99,,
2017-03-23,14.97,1.07,1.42,13.78,,
2017-03-24,14.88,1.07,1.42,13.68,,
2017-03-27,14.79,1.06,1.43,13.58,,
2017-03-28,14.84,1.07,1.42,13.67,,
2017-03-29,14.87,1.07,1.42,13.77,,
2017-03-30,14.76,1.06,1.42,13.84,,
2017-03-31,14.73,1.06,1.43,13.58,,
2017-04-03,14.78,1.07,1.42,11.16,,
2017-04-04,14.73,1.06,1.43,11.34,,
2017-04-05,14.73,1.06,1.43,11.35,,
2017-04-06,14.68,1.06,1.43,11.27,,
2017-04-07,14.67,1.06,1.43,11.21,,
2017-04-10,14.54,1.05,1.45,11.30,,
2017-04-11,14.49,1.04,1.45,11.21,,
2017-04-12,14.52,1.05,1.45,11.29,,
2017-04-13,14.65,1.06,1.43,11.43,,
2017-04-14,14.56,1.05,1.44,11.32,,
2017-04-17,14.63,1.06,1.44,11.20,,
2017-04-18,14.65,1.06,1.43,11.18,,
2017-04-19,14.58,1.05,1.44,11.02,,
2017-04-20,14.66,1.06,1.43,10.85,,
2017-04-21,14.74,1.06,1.43,10.98,,
2017-04-24,14.8,1.07,1.42,11.11,,
2017-04-25,14.96,1.08,1.41,11.50,,
2017-04-26,15.04,1.08,1.4,11.53,,
2017-04-27,15.05,1.09,1.4,11.81,,
2017-04-28,15.02,1.08,1.4,12.02,,
2017-05-02,14.73,1.06,1.51,12.09,,
2017-05-04,14.87,1.08,1.49,12.26,,
2017-05-08,15.22,1.1,1.46,12.67,,
2017-05-10,15.07,1.09,1.47,12.28,,
2017-05-11,15.22,1.1,1.46,12.26,,
2017-05-12,15.14,1.09,1.48,12.34,,
2017-05-15,15.29,1.11,1.46,12.42,,
2017-05-16,15.33,1.11,1.45,12.49,,
2017-05-17,15.31,1.11,1.46,12.48,,
2017-05-18,15.27,1.1,1.46,12.38,,
2017-05-19,15.28,1.1,1.46,12.05,,
2017-05-22,15.38,1.11,1.45,12.15,,
2017-05-23,15.21,1.1,1.47,12.10,,
2017-05-24,15.25,1.1,1.46,12.09,,
2017-05-25,15.41,1.11,1.45,12.31,,
2017-05-26,15.5,1.12,1.44,12.41,,
2017-05-29,15.48,1.12,1.44,12.29,,
2017-05-30,15.42,1.12,1.45,12.02,,
2017-05-31,15.45,1.12,1.44,12.04,,
2017-06-01,14.17,1.12,1.44,12.04,,
2017-06-02,14.33,1.13,1.43,12.38,,
2017-06-05,14.32,1.13,1.43,12.38,,
2017-06-07,14.27,1.13,1.44,12.20,,
2017-06-08,14.28,1.13,1.43,12.16,,
2017-06-09,14.39,1.14,1.42,12.42,,
2017-06-12,14.25,1.13,1.44,12.22,,
2017-06-13,14.35,1.14,1.43,12.23,,
2017-06-14,14.34,1.13,1.43,12.22,,
2017-06-15,14.27,1.13,1.43,12.31,,
2017-06-16,14.27,1.13,1.43,12.28,,
2017-06-19,14.33,1.13,1.43,12.54,,
2017-06-20,14.32,1.13,1.43,12.97,,
2017-06-21,14.25,1.13,1.44,12.79,,
2017-06-22,14.33,1.13,1.43,12.92,,
2017-06-23,14.38,1.14,1.42,12.83,,
2017-06-26,14.44,1.14,1.42,13.01,,
2017-06-27,14.46,1.14,1.42,13.01,,
2017-06-28,14.4,1.14,1.42,12.85,,
2017-06-29,14.48,1.15,1.41,12.91,,
2017-06-30,14.46,1.14,1.42,12.81,,
2017-07-03,14.47,1.15,1.41,10.16,,
2017-07-04,14.39,1.14,1.42,10.11,,
2017-07-05,14.44,1.14,1.42,10.24,,
2017-07-06,14.43,1.14,1.42,10.34,,
2017-07-07,14.38,1.14,1.42,10.30,,
2017-07-10,14.41,1.14,1.42,10.47,,
2017-07-11,14.5,1.15,1.41,10.54,,
2017-07-12,14.47,1.14,1.41,10.73,,
2017-07-13,14.58,1.15,1.4,10.88,,
2017-07-14,14.61,1.15,1.4,10.86,,
2017-07-17,14.67,1.16,1.39,10.90,,
2017-07-18,14.67,1.16,1.39,10.94,,
2017-07-19,14.7,1.16,1.39,10.92,,
2017-07-20,14.77,1.17,1.39,11.02,,
2017-07-21,14.85,1.17,1.38,10.99,,
2017-07-24,14.86,1.17,1.38,10.94,,
2017-07-25,14.79,1.17,1.39,10.76,,
2017-07-26,14.76,1.16,1.39,10.72,,
2017-07-27,14.81,1.17,1.38,10.71,,
2017-07-28,14.55,1.15,1.41,10.28,,
2017-07-31,14.56,1.15,1.41,10.37,,
2017-08-01,14.68,1.16,1.4,10.46,,
2017-08-02,14.69,1.16,1.4,10.54,,
2017-08-03,14.44,1.14,1.42,10.28,,
2017-08-04,14.49,1.14,1.41,10.26,,
2017-08-07,14.51,1.14,1.41,10.24,,
2017-08-08,14.49,1.14,1.42,10.27,,
2017-08-09,14.32,1.13,1.43,9.96,,
2017-08-10,14.27,1.13,1.44,9.88,,
2017-08-11,14.03,1.11,1.46,9.60,,
2017-08-14,14.11,1.11,1.45,9.68,,
2017-08-16,14.2,1.12,1.44,9.94,,
2017-08-17,14.29,1.13,1.43,10.12,,
2017-08-18,14.27,1.13,1.44,10.09,,
2017-08-21,14.25,1.12,1.44,10.08,,
2017-08-22,14.31,1.13,1.43,10.11,,
2017-08-23,14.32,1.13,1.43,10.22,,
2017-08-24,14.38,1.13,1.43,10.22,,
2017-08-25,14.41,1.14,1.42,10.12,,
2017-08-28,14.36,1.13,1.43,9.92,,
2017-08-29,14.33,1.13,1.43,9.91,,
2017-08-30,14.37,1.13,1.43,9.94,,
2017-08-31,14.32,1.13,1.43,9.97,,
2017-09-01,13.27,1.08,1.43,10.00,,
2017-09-04,13.11,1.07,1.45,9.91,,
2017-09-05,13.1,1.07,1.45,10.06,,
2017-09-06,13.06,1.06,1.45,10.11,,
2017-09-07,13.21,1.08,1.44,10.35,,
2017-09-08,13.2,1.07,1.44,10.56,,
2017-09-11,13.29,1.08,1.43,10.71,,
2017-09-12,13.32,1.08,1.43,10.67,,
2017-09-13,13.29,1.08,1.43,10.68,,
2017-09-14,13.39,1.09,1.42,10.82,,
2017-09-15,13.52,1.1,1.41,10.84,,
2017-09-18,13.7,1.11,1.39,11.29,,
2017-09-19,13.69,1.11,1.39,11.21,,
2017-09-20,13.67,1.11,1.39,11.24,,
2017-09-21,13.63,1.1,1.39,11.36,,
2017-09-22,13.53,1.1,1.4,11.40,,
2017-09-25,13.49,1.09,1.41,11.54,,
2017-09-26,13.46,1.09,1.41,11.11,,
2017-09-27,13.45,1.09,1.41,11.12,,
2017-09-28,13.45,1.09,1.41,11.03,,
2017-09-29,13.58,1.1,1.4,11.03,,
2017-10-10,13.8,1.12,1.38,9.74,,
2017-10-11,13.94,1.13,1.36,10.08,,
2017-10-12,14.03,1.14,1.35,10.11,,
2017-10-13,14.05,1.14,1.35,9.96,,
2017-10-16,14.09,1.14,1.35,9.95,,
2017-10-17,14.11,1.14,1.35,10.11,,
2017-10-18,14.11,1.14,1.35,10.10,,
2017-10-19,14.05,1.14,1.35,9.77,,
2017-10-20,14.14,1.14,1.35,9.93,,
2017-10-23,14.15,1.14,1.35,10.02,,
2017-10-24,14.15,1.14,1.35,9.97,,
2017-10-25,14.16,1.15,1.34,9.94,,
2017-10-26,14.09,1.14,1.35,9.67,,
2017-10-27,14.19,1.15,1.34,9.79,,
2017-10-30,14.22,1.15,1.34,9.97,,
2017-10-31,14.34,1.16,1.33,10.16,,
2017-11-01,14.53,1.18,1.31,10.55,,
2017-11-02,14.48,1.17,1.31,10.53,,
2017-11-03,14.53,1.18,1.31,10.40,,
2017-11-06,14.48,1.17,1.31,10.40,,
2017-11-07,14.46,1.17,1.32,10.35,,
2017-11-08,14.5,1.17,1.31,10.47,,
2017-11-09,14.49,1.17,1.31,10.39,,
2017-11-10,14.44,1.17,1.32,10.40,,
2017-11-13,14.37,1.16,1.32,10.40,,
2017-11-14,14.35,1.16,1.33,10.32,,
2017-11-15,14.3,1.16,1.33,10.21,,
2017-11-16,14.4,1.16,1.32,10.29,,
2017-11-17,14.39,1.16,1.32,10.30,,
2017-11-20,14.36,1.16,1.33,10.18,,
2017-11-21,14.38,1.16,1.32,10.20,,
2017-11-22,14.43,1.17,1.32,10.32,,
2017-11-23,14.41,1.17,1.32,10.20,,
2017-11-24,14.45,1.17,1.32,10.23,,
2017-11-27,14.25,1.15,1.34,9.71,,
2017-11-28,14.28,1.16,1.33,9.83,,
2017-11-29,14.28,1.15,1.33,9.70,,
2017-11-30,14.06,1.14,1.35,9.37,,
2017-12-01,13.05,1.12,1.35,9.38,,
2017-12-04,13.18,1.13,1.34,9.47,,
2017-12-05,13.23,1.13,1.33,9.46,,
2017-12-06,13.04,1.11,1.35,9.23,,
2017-12-07,12.98,1.11,1.36,9.36,,
2017-12-08,13,1.11,1.36,9.59,,
2017-12-11,13.01,1.11,1.36,9.55,,
2017-12-12,12.95,1.11,1.36,9.61,,
2017-12-13,13.06,1.12,1.35,9.47,,
2017-12-14,13,1.11,1.36,9.42,,
2017-12-15,13.06,1.12,1.35,9.34,,
2017-12-18,13.06,1.12,1.35,9.44,,
2017-12-19,13.05,1.11,1.35,9.51,,
2017-12-20,13.01,1.11,1.36,9.39,,
2017-12-21,12.79,1.09,1.38,9.06,,
2017-12-22,12.85,1.1,1.37,9.17,,
2017-12-26,12.78,1.09,1.38,8.89,,
2017-12-27,12.83,1.1,1.38,9.10,,
2017-12-28,12.99,1.11,1.36,9.40,,
2018-01-02,13.06,1.12,1.35,8.36,,
2018-01-03,13.09,1.12,1.35,8.46,,
2018-01-04,12.99,1.11,1.36,8.37,,
2018-01-05,13.15,1.12,1.34,8.54,,
2018-01-08,13.23,1.13,1.34,8.52,,
2018-01-09,13.21,1.13,1.34,8.26,,
2018-01-10,13.15,1.12,1.34,8.00,,
2018-01-11,13.09,1.12,1.35,7.90,,
2018-01-12,13.13,1.12,1.35,7.90,,
2018-01-15,13.16,1.12,1.34,7.95,,
2018-01-16,13.26,1.13,1.33,8.19,,
2018-01-17,13.23,1.13,1.34,8.13,,
2018-01-18,13.23,1.13,1.34,8.17,,
2018-01-19,13.25,1.13,1.33,8.08,,
2018-01-22,13.16,1.12,1.34,7.90,,
2018-01-23,13.34,1.14,1.32,8.05,,
2018-01-24,13.34,1.14,1.32,8.08,,
2018-01-25,13.47,1.15,1.31,8.23,,
2018-01-26,13.53,1.16,1.3,8.32,,
2018-01-29,13.66,1.17,1.29,8.39,,
2018-01-30,13.49,1.15,1.31,8.16,,
2018-01-31,13.5,1.15,1.31,8.17,,
2018-02-01,13.52,1.15,1.31,8.16,,
2018-02-02,13.29,1.14,1.33,7.81,,
2018-02-05,13.12,1.12,1.35,7.85,,
2018-02-06,12.91,1.1,1.37,7.77,,
2018-02-07,12.61,1.08,1.4,7.50,,
2018-02-08,12.66,1.08,1.4,7.54,,
2018-02-09,12.67,1.08,1.39,7.32,,
2018-02-12,12.79,1.09,1.38,7.49,,
2018-02-13,12.84,1.1,1.37,7.79,,
2018-02-14,12.99,1.11,1.36,8.03,,
2018-02-19,13.1,1.12,1.34,7.93,,
2018-02-20,12.95,1.11,1.36,7.76,,
2018-02-21,13.03,1.11,1.35,7.75,,
2018-02-22,12.95,1.11,1.36,7.66,,
2018-02-23,13.15,1.12,1.34,7.74,,
2018-02-26,13.18,1.13,1.34,7.76,,
2018-02-27,13.17,1.13,1.34,7.76,,
2018-02-28,13.02,1.11,1.35,7.71,,
2018-03-02,12.89,1.1,1.37,7.54,,
2018-03-05,12.74,1.09,1.38,7.40,,
2018-03-06,12.94,1.11,1.36,7.70,,
2018-03-07,12.9,1.1,1.37,7.96,,
2018-03-08,13.06,1.12,1.35,8.06,,
2018-03-09,13.21,1.13,1.33,8.15,,
2018-03-12,13.34,1.14,1.32,8.15,,
2018-03-13,13.39,1.15,1.31,8.46,,
2018-03-14,13.35,1.14,1.32,8.48,,
2018-03-15,13.38,1.14,1.32,8.44,,
2018-03-16,13.37,1.15,1.31,8.38,,
2018-03-19,13.27,1.14,1.32,8.31,,
2018-03-20,13.31,1.14,1.32,8.39,,
2018-03-21,13.31,1.14,1.32,8.36,,
2018-03-22,13.37,1.15,1.31,8.48,,
2018-03-23,12.96,1.11,1.35,8.14,,
2018-03-26,13.08,1.12,1.34,8.24,,
2018-03-27,13.16,1.13,1.33,8.19,,
2018-03-28,12.98,1.11,1.35,7.98,,
2018-03-29,13.07,1.12,1.34,8.03,,
2018-03-30,13.1,1.12,1.34,8.06,,
2018-04-02,13.09,1.12,1.34,7.83,,
2018-04-03,13.08,1.12,1.34,7.76,,
2018-04-04,12.9,1.11,1.36,7.57,,
2018-04-05,13.06,1.12,1.34,7.86,,
2018-04-06,13.01,1.12,1.35,7.81,,
2018-04-09,13.09,1.12,1.34,7.94,,
2018-04-10,13.13,1.12,1.33,7.89,,
2018-04-11,13.09,1.12,1.34,7.88,,
2018-04-12,13.08,1.12,1.34,7.91,,
2018-04-13,13.17,1.13,1.33,8.04,,
2018-04-16,13.18,1.13,1.33,8.12,,
2018-04-17,13.16,1.13,1.33,8.06,,
2018-04-18,13.31,1.14,1.32,8.29,,
2018-04-19,13.34,1.14,1.31,8.52,,
2018-04-20,13.29,1.14,1.32,8.33,,
2018-04-23,13.27,1.14,1.32,8.37,,
2018-04-24,13.22,1.13,1.33,8.14,,
2018-04-25,13.14,1.13,1.33,8.13,,
2018-04-26,13.28,1.14,1.32,8.41,,
2018-04-27,13.37,1.15,1.31,8.55,,
2018-04-30,13.5,1.16,1.3,8.55,,
2018-05-02,12,1.14,1.55,8.55,,
2018-05-03,11.91,1.14,1.56,8.55,,
2018-05-04,11.79,1.12,1.58,8.37,,
2018-05-08,11.73,1.12,1.59,8.49,,
2018-05-09,11.71,1.12,1.59,8.21,,
2018-05-10,11.8,1.13,1.58,8.33,,
2018-05-11,11.87,1.13,1.57,8.28,,
2018-05-14,11.86,1.13,1.57,8.08,,
2018-05-15,11.78,1.12,1.58,7.94,,
2018-05-16,11.78,1.12,1.58,8.04,,
2018-05-17,11.73,1.12,1.59,7.97,,
2018-05-18,11.79,1.12,1.58,7.99,,
2018-05-21,11.81,1.13,1.58,8.07,,
2018-05-23,11.84,1.13,1.57,8.36,,
2018-05-24,11.81,1.13,1.58,8.29,,
2018-05-25,11.79,1.12,1.58,8.50,,
2018-05-28,11.88,1.13,1.57,8.44,,
2018-05-29,11.77,1.12,1.58,8.28,,
2018-05-30,11.54,1.1,1.62,7.99,,
2018-05-31,11.61,1.11,1.61,8.18,,
2018-06-01,11.69,1.11,1.6,8.28,,
2018-06-04,11.73,1.12,1.59,8.25,,
2018-06-05,11.69,1.11,1.59,8.28,,
2018-06-07,11.77,1.11,1.57,8.16,,
2018-06-08,11.68,1.11,1.59,8.01,,
2018-06-11,11.77,1.11,1.57,8.05,,
2018-06-12,11.74,1.11,1.58,7.97,,
2018-06-14,11.51,1.09,1.61,7.78,,
2018-06-15,11.42,1.08,1.62,7.69,,
2018-06-18,11.29,1.07,1.64,7.52,,
2018-06-19,11.12,1.05,1.66,7.58,,
2018-06-20,11.23,1.06,1.65,7.58,,
2018-06-21,11.11,1.05,1.67,7.59,,
2018-06-22,11.2,1.06,1.65,7.62,,
2018-06-25,11.2,1.06,1.65,7.53,,
2018-06-26,11.17,1.06,1.66,7.58,,
2018-06-27,11.13,1.06,1.66,7.74,,
2018-06-28,11,1.04,1.68,7.55,,
2018-06-29,11.05,1.05,1.67,7.53,,
2018-07-02,10.79,1.02,1.71,7.03,,
2018-07-03,10.8,1.02,1.71,7.12,,
2018-07-04,10.76,1.02,1.72,7.14,,
2018-07-05,10.73,1.02,1.73,7.09,,
2018-07-06,10.8,1.02,1.71,6.93,,
2018-07-09,10.86,1.03,1.7,7.04,,
2018-07-10,10.9,1.03,1.7,7.14,,
2018-07-11,10.84,1.03,1.71,7.10,,
2018-07-12,10.86,1.03,1.7,7.02,,
2018-07-13,10.98,1.04,1.68,7.17,,
2018-07-16,10.91,1.03,1.7,7.10,,
2018-07-17,10.89,1.03,1.7,7.07,,
2018-07-18,10.86,1.03,1.7,7.18,,
2018-07-19,10.82,1.03,1.71,7.24,,
2018-07-20,10.86,1.03,1.7,7.32,,
2018-07-23,10.77,1.02,1.72,7.17,,
2018-07-24,10.82,1.03,1.71,7.12,,
2018-07-25,10.78,1.02,1.72,7.12,,
2018-07-26,10.86,1.03,1.7,7.24,,
2018-07-27,10.89,1.03,1.7,7.24,,
2018-07-30,10.88,1.03,1.7,7.17,,
2018-07-31,10.89,1.03,1.7,7.14,,
2018-08-01,10.94,1.04,1.69,7.18,,
2018-08-02,10.77,1.02,1.72,7.03,,
2018-08-03,10.85,1.03,1.7,7.06,,
2018-08-06,10.84,1.03,1.71,7.07,,
2018-08-07,10.9,1.03,1.7,7.21,,
2018-08-08,10.91,1.03,1.7,7.22,,
2018-08-09,10.92,1.04,1.69,7.24,,
2018-08-10,10.82,1.03,1.71,7.00,,
2018-08-13,10.66,1.01,1.74,6.95,,
2018-08-14,10.71,1.02,1.73,6.97,,
2018-08-16,10.62,1.01,1.74,6.83,,
2018-08-17,10.65,1.01,1.74,6.80,,
2018-08-20,10.66,1.01,1.74,6.77,,
2018-08-21,10.76,1.02,1.72,6.91,,
2018-08-22,10.78,1.02,1.72,7.11,,
2018-08-23,10.82,1.03,1.71,7.13,,
2018-08-24,10.87,1.03,1.7,7.12,,
2018-08-27,10.9,1.03,1.7,7.14,,
2018-08-28,10.92,1.04,1.69,7.18,,
2018-08-29,10.95,1.04,1.69,7.22,,
2018-08-30,10.94,1.04,1.69,7.35,,
2018-08-31,11.01,1.04,1.68,7.48,,
2018-09-03,10.94,1.04,1.69,7.32,,
2018-09-04,10.98,1.04,1.69,7.35,,
2018-09-05,10.86,1.03,1.7,7.19,,
2018-09-06,10.84,1.03,1.71,7.11,,
2018-09-07,10.82,1.03,1.71,6.93,,
2018-09-10,10.97,1.01,1.7,7.02,,
2018-09-11,10.94,1,1.7,6.95,,
2018-09-12,10.94,1,1.7,6.87,,
2018-09-13,10.95,1,1.7,6.80,,
2018-09-14,11.11,1.02,1.68,7.07,,
2018-09-17,11.03,1.01,1.69,6.97,,
2018-09-18,11.07,1.02,1.68,7.02,,
2018-09-19,11.07,1.02,1.68,7.12,,
2018-09-20,11.14,1.02,1.67,7.29,,
2018-09-21,11.22,1.03,1.66,7.31,,
2018-09-27,11.29,1.04,1.65,7.33,,
2018-09-28,11.24,1.03,1.66,7.17,,
2018-10-01,11.22,1.03,1.66,7.69,,
2018-10-02,11.07,1.02,1.68,7.59,,
2018-10-04,10.91,1,1.71,7.42,,
2018-10-05,10.87,1,1.71,7.42,,
2018-10-08,10.81,0.99,1.72,7.46,,
2018-10-10,10.69,0.98,1.74,7.52,,
2018-10-11,10.21,0.94,1.82,7.15,,
2018-10-12,10.37,0.95,1.8,7.30,,
2018-10-15,10.29,0.94,1.81,7.27,,
2018-10-16,10.29,0.94,1.81,7.24,,
2018-10-17,10.4,0.95,1.79,7.33,,
2018-10-18,10.3,0.95,1.81,7.31,,
2018-10-19,10.34,0.95,1.8,7.29,,
2018-10-22,10.37,0.95,1.8,7.23,,
2018-10-23,10.1,0.93,1.84,7.15,,
2018-10-24,10.06,0.92,1.85,7.06,,
2018-10-25,9.9,0.91,1.88,6.81,,
2018-10-26,9.73,0.89,1.92,6.81,,
2018-10-29,9.58,0.88,1.95,6.87,,
2018-10-30,9.67,0.89,1.93,7.03,,
2018-10-31,9.74,0.89,1.91,7.04,,
2018-11-01,9.72,0.89,1.92,7.00,,
2018-11-02,10.06,0.92,1.85,7.33,,
2018-11-05,9.97,0.91,1.87,7.27,,
2018-11-06,10.03,0.92,1.86,7.26,,
2018-11-07,9.98,0.92,1.87,7.30,,
2018-11-08,10.05,0.92,1.86,7.31,,
2018-11-09,10.01,0.92,1.86,7.35,,
2018-11-12,9.99,0.92,1.87,7.50,,
2018-11-13,9.94,0.91,1.88,7.39,,
2018-11-14,9.93,0.91,1.88,7.32,,
2018-11-15,10.03,0.92,1.86,7.35,,
2018-11-16,10.05,0.92,1.86,7.30,,
2018-11-19,10.09,0.93,1.85,7.25,,
2018-11-20,10,0.92,1.86,7.10,,
2018-11-21,9.97,0.91,1.87,6.99,,
2018-11-22,9.94,0.91,1.88,7.05,,
2018-11-23,9.88,0.91,1.89,7.04,,
2018-11-26,10,0.92,1.86,7.07,,
2018-11-27,10.08,0.92,1.85,7.15,,
2018-11-28,10.12,0.93,1.84,7.16,,
2018-11-29,10.15,0.93,1.84,7.16,,
2018-11-30,10.07,0.92,1.85,6.95,,
2018-12-03,10.24,0.94,1.82,7.18,,
2018-12-04,10.16,0.93,1.84,7.00,,
2018-12-05,10.1,0.93,1.85,6.88,,
2018-12-06,9.94,0.91,1.88,6.72,,
2018-12-07,9.89,0.89,1.87,6.80,,
2018-12-10,9.79,0.88,1.89,6.67,,
2018-12-11,9.78,0.88,1.89,6.68,,
2018-12-12,9.78,0.88,1.89,6.71,,
2018-12-13,9.84,0.89,1.88,6.64,,
2018-12-14,9.72,0.88,1.9,6.47,,
2018-12-17,9.73,0.88,1.9,6.50,,
2018-12-18,9.69,0.88,1.91,6.46,,
2018-12-19,9.77,0.88,1.89,6.49,,
2018-12-20,9.68,0.88,1.91,6.42,,
2018-12-21,9.68,0.88,1.91,6.42,,
2018-12-24,9.65,0.87,1.91,6.44,,
2018-12-26,9.53,0.86,1.94,6.37,,
2018-12-27,9.53,0.86,1.94,6.35,,
2018-12-28,9.58,0.87,1.93,6.42,,
2019-01-02,9.44,0.85,1.96,7.41,,
2019-01-03,9.36,0.85,1.97,7.19,,
2019-01-04,9.44,0.85,1.96,7.16,,
2019-01-07,9.57,0.87,1.93,7.41,,
2019-01-08,9.52,0.86,1.94,7.29,,
2019-01-09,9.7,0.88,1.9,7.57,,
2019-01-10,9.7,0.88,1.9,7.61,,
2019-01-11,9.75,0.88,1.89,7.75,,
2019-01-14,9.7,0.88,1.9,7.66,,
2019-01-15,9.85,0.89,1.87,7.86,,
2019-01-16,9.89,0.9,1.87,7.93,,
2019-01-17,9.9,0.9,1.87,8.02,,
2019-01-18,9.98,0.9,1.85,8.09,,
2019-01-21,9.98,0.9,1.85,8.18,,
2019-01-22,9.95,0.9,1.86,8.06,,
2019-01-23,10,0.9,1.85,8.03,,
2019-01-24,10.08,0.91,1.83,8.23,,
2019-01-25,10.23,0.93,1.81,8.56,,
2019-01-28,10.23,0.93,1.81,8.62,,
2019-01-29,10.26,0.93,1.8,8.70,,
2019-01-30,10.36,0.94,1.78,8.88,,
2019-01-31,10.36,0.94,1.78,8.83,,
2019-02-01,10.35,0.94,1.78,8.87,,
2019-02-07,10.35,0.94,1.78,8.84,,
2019-02-08,10.23,0.93,1.81,8.57,,
2019-02-11,10.24,0.93,1.8,8.61,,
2019-02-12,10.29,0.93,1.79,8.81,,
2019-02-13,10.41,0.94,1.77,8.84,,
2019-02-14,10.52,0.95,1.75,9.09,,
2019-02-15,10.38,0.94,1.77,8.81,,
2019-02-18,10.45,0.95,1.76,8.84,,
2019-02-19,10.43,0.94,1.77,8.79,,
2019-02-20,10.55,0.96,1.75,8.97,,
2019-02-21,10.54,0.95,1.75,8.98,,
2019-02-22,10.55,0.96,1.75,9.02,,
2019-02-25,10.56,0.96,1.74,9.06,,
2019-02-26,10.53,0.95,1.75,8.94,,
2019-02-27,10.57,0.96,1.74,8.94,,
2019-02-28,10.38,0.94,1.77,8.63,,
2019-03-04,10.36,0.94,1.78,8.58,,
2019-03-05,10.31,0.93,1.79,8.46,,
2019-03-06,10.29,0.93,1.79,8.42,,
2019-03-07,10.25,0.93,1.8,8.50,,
2019-03-08,10.11,0.92,1.82,8.38,,
2019-03-11,10.11,0.92,1.82,8.35,,
2019-03-12,10.21,0.92,1.8,8.54,,
2019-03-13,10.16,0.92,1.81,8.39,,
2019-03-14,10.2,0.92,1.81,8.39,,
2019-03-15,10.3,0.93,1.79,8.45,,
2019-03-18,10.31,0.93,1.79,8.36,,
2019-03-19,10.3,0.93,1.79,8.40,,
2019-03-20,10.3,0.93,1.79,8.43,,
2019-03-21,10.34,0.94,1.78,8.77,,
2019-03-22,10.34,0.94,1.78,8.90,,
2019-03-25,10.15,0.92,1.81,8.70,,
2019-03-26,10.17,0.92,1.81,8.66,,
2019-03-27,10.14,0.92,1.81,8.67,,
2019-03-28,10.06,0.91,1.83,8.58,,
2019-03-29,10.13,0.92,1.81,8.54,,
2019-04-01,10.26,0.93,1.79,10.05,,
2019-04-02,10.3,0.94,1.78,10.20,,
2019-04-03,10.43,0.95,1.76,10.39,,
2019-04-04,10.44,0.95,1.76,10.47,,
2019-04-05,10.46,0.95,1.76,10.45,,
2019-04-08,10.46,0.95,1.76,10.41,,
2019-04-09,10.48,0.95,1.75,10.41,,
2019-04-10,10.53,0.96,1.75,10.42,,
2019-04-11,10.53,0.96,1.75,10.32,,
2019-04-12,10.57,0.96,1.74,10.45,,
2019-04-15,10.61,0.96,1.73,10.49,,
2019-04-16,10.64,0.97,1.73,10.54,,
2019-04-17,10.63,0.97,1.73,10.49,,
2019-04-18,10.48,0.95,1.75,10.17,,
2019-04-19,10.49,0.95,1.75,10.10,,
2019-04-22,10.49,0.95,1.75,10.12,,
2019-04-23,10.51,0.95,1.75,10.08,,
2019-04-24,10.42,0.95,1.76,9.98,,
2019-04-25,10.37,0.94,1.77,9.96,,
2019-04-26,10.31,0.94,1.78,10.00,,
2019-04-29,10.49,0.95,1.75,10.29,,
2019-04-30,10.43,0.95,1.76,10.23,,
2019-05-02,11.47,0.95,2.03,10.24,,
2019-05-03,11.38,0.94,2.05,10.10,,
2019-05-07,11.28,0.93,2.07,10.00,,
2019-05-08,11.24,0.93,2.07,9.87,,
2019-05-09,10.89,0.9,2.14,9.47,,
2019-05-10,10.92,0.9,2.13,9.57,,
2019-05-13,10.77,0.89,2.16,9.51,,
2019-05-14,10.79,0.89,2.16,9.51,,
2019-05-15,10.84,0.89,2.15,9.49,,
2019-05-16,10.71,0.88,2.18,9.27,,
2019-05-17,10.65,0.88,2.19,9.19,,
2019-05-20,10.65,0.88,2.19,9.37,,
2019-05-21,10.68,0.88,2.18,9.62,,
2019-05-22,10.69,0.88,2.18,9.70,,
2019-05-23,10.67,0.88,2.19,9.78,,
2019-05-24,10.59,0.87,2.2,9.52,,
2019-05-27,10.59,0.87,2.2,9.51,,
2019-05-28,10.61,0.87,2.2,9.49,,
2019-05-29,10.49,0.87,2.22,9.32,,
2019-05-30,10.57,0.87,2.2,9.49,,
2019-05-31,10.59,0.87,2.2,9.48,,
2019-06-03,11.95,0.87,2.16,9.77,,
2019-06-04,11.95,0.87,2.16,9.69,,
2019-06-05,11.96,0.87,2.16,9.79,,
2019-06-07,11.98,0.87,2.15,9.86,,
2019-06-10,12.14,0.88,2.12,9.99,,
2019-06-11,12.21,0.89,2.11,10.00,,
2019-06-12,12.19,0.89,2.11,9.95,,
2019-06-13,12.16,0.88,2.12,9.76,,
2019-06-14,12.11,0.88,2.13,9.81,,
2019-06-17,12.09,0.88,2.13,9.79,,
2019-06-18,12.13,0.88,2.12,9.89,,
2019-06-19,12.29,0.89,2.1,10.12,,
2019-06-20,12.32,0.9,2.09,10.15,,
2019-06-21,12.29,0.89,2.1,10.19,,
2019-06-24,12.29,0.89,2.1,10.15,,
2019-06-25,12.27,0.89,2.1,10.17,,
2019-06-26,12.27,0.89,2.1,10.19,,
2019-06-27,12.34,0.9,2.09,10.37,,
2019-06-28,12.32,0.9,2.09,10.48,,
2019-07-01,12.32,0.89,2.09,13.04,,
2019-07-02,12.27,0.89,2.1,12.94,,
2019-07-03,12.12,0.88,2.13,12.70,,
2019-07-04,12.2,0.89,2.11,12.87,,
2019-07-05,12.21,0.89,2.11,12.77,,
2019-07-08,11.94,0.87,2.16,12.42,,
2019-07-09,11.87,0.86,2.17,12.62,,
2019-07-10,11.91,0.86,2.17,12.75,,
2019-07-11,12.03,0.87,2.14,12.93,,
2019-07-12,12.07,0.88,2.14,12.96,,
2019-07-15,12.05,0.88,2.14,13.00,,
2019-07-16,12.1,0.88,2.13,13.11,,
2019-07-17,11.99,0.87,2.15,12.89,,
2019-07-18,11.95,0.87,2.16,12.90,,
2019-07-19,12.11,0.88,2.13,13.10,,
2019-07-22,12.11,0.88,2.13,13.21,,
2019-07-23,12.16,0.88,2.12,13.24,,
2019-07-24,12.04,0.87,2.14,12.98,,
2019-07-25,12,0.87,2.15,13.21,,
2019-07-26,11.95,0.87,2.16,13.19,,
2019-07-29,11.74,0.85,2.2,12.90,,
2019-07-30,11.79,0.86,2.19,13.03,,
2019-07-31,11.71,0.85,2.2,12.69,,
2019-08-01,11.67,0.85,2.21,12.65,,
2019-08-02,11.56,0.84,2.23,12.58,,
2019-08-05,11.26,0.82,2.29,12.30,,
2019-08-06,11.09,0.81,2.32,12.17,,
2019-08-07,11.05,0.8,2.33,12.09,,
2019-08-08,11.11,0.81,2.32,11.93,,
2019-08-09,11.21,0.81,2.3,12.07,,
2019-08-12,11.23,0.82,2.29,12.23,,
2019-08-13,11.14,0.81,2.31,12.03,,
2019-08-14,11.21,0.81,2.3,12.23,,
2019-08-16,11.15,0.81,2.31,12.28,,
2019-08-19,11.22,0.82,2.3,12.20,,
2019-08-20,11.34,0.82,2.27,12.44,,
2019-08-21,11.36,0.83,2.27,12.45,,
2019-08-22,11.29,0.82,2.28,12.33,,
2019-08-23,11.27,0.82,2.29,12.30,,
2019-08-26,11.08,0.81,2.33,12.20,,
2019-08-27,11.13,0.81,2.32,12.33,,
2019-08-28,11.23,0.82,2.3,12.35,,
2019-08-29,11.18,0.81,2.31,12.14,,
2019-08-30,11.38,0.83,2.26,12.31,,
2019-09-02,11.39,0.83,2.26,12.26,,
2019-09-03,11.37,0.83,2.27,12.10,,
2019-09-04,13.57,0.82,2.24,12.34,,
2019-09-05,13.68,0.82,2.22,12.79,,
2019-09-06,13.71,0.83,2.22,12.96,,
2019-09-09,13.78,0.83,2.21,13.12,,
2019-09-10,13.86,0.84,2.19,13.15,,
2019-09-11,13.98,0.84,2.17,13.19,,
2019-09-16,14.07,0.85,2.16,13.18,,
2019-09-17,14.08,0.85,2.16,13.12,,
2019-09-18,14.13,0.85,2.15,13.35,,
2019-09-19,14.2,0.86,2.14,13.75,,
2019-09-20,14.28,0.86,2.13,13.77,,
2019-09-23,14.28,0.86,2.13,13.80,,
2019-09-24,14.34,0.86,2.12,13.85,,
2019-09-25,14.16,0.85,2.15,13.68,,
2019-09-26,14.17,0.85,2.15,13.77,,
2019-09-27,14,0.84,2.17,13.54,,
2019-09-30,14.09,0.85,2.16,13.73,,
2019-10-01,14.16,0.85,2.15,15.43,,
2019-10-02,13.87,0.84,2.19,15.04,,
2019-10-04,13.8,0.83,2.2,15.16,,
2019-10-07,13.8,0.83,2.2,15.08,,
2019-10-08,13.97,0.84,2.18,15.45,,
2019-10-10,13.85,0.83,2.2,15.34,,
2019-10-11,13.96,0.84,2.18,15.52,,
2019-10-14,14.12,0.85,2.15,15.79,,
2019-10-15,14.12,0.85,2.15,15.82,,
2019-10-16,14.22,0.86,2.14,16.01,,
2019-10-17,14.19,0.86,2.14,15.95,,
2019-10-18,14.07,0.85,2.16,15.76,,
2019-10-21,14.09,0.85,2.16,15.89,,
2019-10-22,14.26,0.86,2.13,16.17,,
2019-10-23,14.2,0.86,2.14,16.17,,
2019-10-24,14.23,0.86,2.13,16.01,,
2019-10-25,14.25,0.86,2.13,16.08,,
2019-10-28,14.29,0.86,2.13,16.20,,
2019-10-29,14.29,0.86,2.13,16.14,,
2019-10-30,14.2,0.86,2.14,15.92,,
2019-10-31,14.23,0.86,2.13,15.92,,
2019-11-01,14.34,0.87,2.12,16.17,,
2019-11-04,14.55,0.88,2.09,16.52,,
2019-11-05,14.64,0.88,2.08,16.65,,
2019-11-06,14.65,0.88,2.07,16.84,,
2019-11-07,14.65,0.88,2.07,16.71,,
2019-11-08,14.6,0.88,2.08,16.46,,
2019-11-11,14.51,0.88,2.09,16.30,,
2019-11-12,14.62,0.88,2.08,16.61,,
2019-11-13,14.5,0.87,2.09,16.58,,
2019-11-14,14.62,0.88,2.08,16.68,,
2019-11-15,14.78,0.89,2.06,16.96,,
2019-11-18,14.77,0.89,2.06,16.90,,
2019-11-19,14.72,0.89,2.06,16.90,,
2019-11-20,14.53,0.88,2.09,16.42,,
2019-11-21,14.33,0.86,2.12,16.11,,
2019-11-22,14.37,0.87,2.11,16.30,,
2019-11-25,14.51,0.88,2.09,16.36,,
2019-11-26,14.5,0.87,2.09,16.36,,
2019-11-27,14.55,0.88,2.09,16.49,,
2019-11-28,14.48,0.87,2.1,16.20,,
2019-11-29,14.27,0.86,2.13,15.89,,
2019-12-02,14.3,0.86,2.12,15.92,,
2019-12-03,17.25,0.84,2.13,15.76,,
2019-12-04,17.12,0.84,2.15,15.62,,
2019-12-05,17.05,0.84,2.16,15.64,,
2019-12-06,17.23,0.84,2.13,15.92,,
2019-12-09,17.28,0.85,2.13,16.17,,
2019-12-10,17.36,0.85,2.12,16.27,,
2019-12-11,17.43,0.85,2.11,16.39,,
2019-12-12,17.69,0.87,2.08,16.84,,
2019-12-13,17.97,0.88,2.05,17.28,,
2019-12-16,17.95,0.88,2.05,17.28,,
2019-12-17,18.18,0.89,2.02,17.91,,
2019-12-18,18.18,0.89,2.02,17.78,,
2019-12-19,18.19,0.89,2.02,17.69,,
2019-12-20,18.25,0.89,2.01,17.69,,
2019-12-23,18.25,0.89,2.01,17.53,,
2019-12-24,18.14,0.89,2.03,17.37,,
2019-12-26,18.2,0.89,2.02,17.50,,
2019-12-27,18.25,0.89,2.01,17.85,,
2019-12-30,18.2,0.89,2.02,17.63,,
2020-01-02,18.01,0.88,2.04,17.61,,
2020-01-03,18.02,0.88,2.04,17.71,,
2020-01-06,17.84,0.87,2.06,17.71,,
2020-01-07,18.01,0.88,2.04,17.81,,
2020-01-08,17.81,0.87,2.06,18.12,,
2020-01-09,18.11,0.89,2.03,18.70,,
2020-01-10,18.27,0.89,2.01,18.99,,
2020-01-13,18.46,0.9,1.99,19.15,,
2020-01-14,18.54,0.91,1.98,19.15,,
2020-01-15,18.48,0.91,1.99,18.83,,
2020-01-16,18.62,0.91,1.97,19.37,,
2020-01-17,18.64,0.91,1.97,19.56,,
2020-01-20,18.75,0.92,1.96,19.91,,
2020-01-21,18.55,0.91,1.98,19.59,,
2020-01-22,18.78,0.92,1.96,19.88,,
2020-01-23,18.61,0.91,1.98,19.40,,
2020-01-28,18.03,0.88,2.04,18.76,,
2020-01-29,18.1,0.89,2.03,18.86,,
2020-01-30,17.79,0.87,2.07,18.25,,
2020-01-31,17.56,0.86,2.09,18.00,,
2020-02-03,17.56,0.86,2.09,18.25,,
2020-02-04,17.88,0.88,2.06,18.79,,
2020-02-05,17.94,0.88,2.05,18.99,,
2020-02-06,18.46,0.9,1.99,19.50,,
2020-02-07,18.33,0.9,2.01,19.27,,
2020-02-10,18.24,0.89,2.02,19.05,,
2020-02-11,18.42,0.9,2,19.11,,
2020-02-12,18.55,0.91,1.98,19.31,,
2020-02-13,18.51,0.91,1.99,19.37,,
2020-02-14,18.63,0.91,1.97,19.72,,
2020-02-17,18.62,0.91,1.97,19.62,,
2020-02-18,18.34,0.9,2,19.08,,
2020-02-19,18.35,0.9,2,19.21,,
2020-02-20,18.23,0.89,2.01,19.15,,
2020-02-21,17.96,0.88,2.04,18.89,,
2020-02-24,17.26,0.84,2.12,18.12,,
2020-02-25,17.46,0.85,2.1,18.48,,
2020-02-26,17.24,0.84,2.12,18.03,,
2020-02-27,17.06,0.83,2.15,17.84,,
2020-02-28,16.5,0.81,2.22,17.30,,
2020-03-02,16.62,0.81,2.2,17.55,,
2020-03-03,16.72,0.82,2.19,17.68,,
2020-03-04,17.09,0.84,2.14,18.32,,
2020-03-05,17.31,0.85,2.12,18.44,,
2020-03-06,16.93,0.83,2.16,18.03,,
2020-03-09,16.22,0.79,2.26,17.30,,
2020-03-10,16.29,0.8,2.25,17.42,,
2020-03-11,15.84,0.77,2.31,16.62,,
2020-03-12,15.22,0.74,2.41,16.21,,
2020-03-13,14.7,0.72,2.49,15.94,,
2020-03-16,14.23,0.7,2.57,15.60,,
2020-03-17,13.88,0.68,2.64,15.09,,
2020-03-18,13.2,0.65,2.77,14.55,,
2020-03-19,12.09,0.59,3.03,13.71,,
2020-03-20,13.19,0.64,2.82,14.49,,
2020-03-23,12.48,0.6,2.97,13.56,,
2020-03-24,13.47,0.65,2.74,14.98,,
2020-03-25,14.26,0.69,2.59,15.52,,
2020-03-26,14.1,0.68,2.62,15.25,,
2020-03-27,14.37,0.7,2.57,15.41,,
2020-03-30,14.36,0.7,2.57,15.27,,
2020-03-31,14.66,0.71,2.51,15.24,,
2020-04-01,14.08,0.68,2.62,14.33,,
2020-04-02,14.41,0.7,2.56,14.64,,
2020-04-03,14.41,0.7,2.56,14.70,,
2020-04-06,14.97,0.73,2.46,15.24,,
2020-04-07,15.23,0.74,2.42,15.52,,
2020-04-08,15.09,0.73,2.44,15.20,,
2020-04-09,15.33,0.75,2.4,15.36,,
2020-04-10,15.54,0.76,2.37,15.41,,
2020-04-13,15.25,0.74,2.42,15.11,,
2020-04-14,15.51,0.75,2.38,15.33,,
2020-04-16,15.5,0.75,2.38,15.33,,
2020-04-17,15.98,0.78,2.3,16.08,,
2020-04-20,15.85,0.77,2.32,15.67,,
2020-04-21,15.69,0.76,2.35,15.41,,
2020-04-22,15.83,0.77,2.33,15.60,,
2020-04-23,15.98,0.78,2.3,15.60,,
2020-04-24,15.77,0.77,2.34,15.44,,
2020-04-27,16.05,0.78,2.29,15.60,,
2020-04-28,16.15,0.79,2.28,15.67,,
2020-04-29,16.26,0.79,2.27,15.64,,
2020-05-04,18.3,0.78,2.3,15.17,,
2020-05-06,18.62,0.79,2.26,15.39,,
2020-05-07,18.62,0.79,2.26,15.27,,
2020-05-08,18.79,0.8,2.24,15.27,,
2020-05-11,18.69,0.79,2.25,15.14,,
2020-05-12,18.56,0.79,2.27,14.99,,
2020-05-13,18.73,0.79,2.25,15.19,,
2020-05-14,18.58,0.79,2.26,15.02,,
2020-05-15,18.61,0.79,2.26,14.97,,
2020-05-18,18.72,0.79,2.25,15.27,,
2020-05-19,19.14,0.81,2.2,15.74,,
2020-05-20,19.23,0.81,2.19,15.64,,
2020-05-21,19.32,0.82,2.18,15.63,,
2020-05-22,19.04,0.81,2.21,15.25,,
2020-05-25,19.27,0.82,2.19,15.28,,
2020-05-26,19.62,0.83,2.15,15.41,,
2020-05-27,19.63,0.83,2.15,15.61,,
2020-05-28,19.61,0.83,2.15,15.77,,
2020-05-29,19.62,0.83,2.15,15.86,,
2020-06-01,19.97,0.85,2.11,16.02,,
2020-06-02,20.18,0.85,2.09,16.08,,
2020-06-03,24.57,0.88,2.03,17.05,,
2020-06-04,24.62,0.88,2.02,17.08,,
2020-06-05,25,0.9,1.99,17.36,,
2020-06-08,25.02,0.9,1.99,17.18,,
2020-06-09,25.08,0.9,1.99,17.36,,
2020-06-10,25.16,0.9,1.98,17.33,,
2020-06-11,24.94,0.9,2,16.99,,
2020-06-12,24.43,0.88,2.04,16.36,,
2020-06-15,23.26,0.83,2.14,15.61,,
2020-06-16,24.5,0.88,2.03,16.30,,
2020-06-17,24.54,0.88,2.03,16.33,,
2020-06-18,24.45,0.88,2.04,16.36,,
2020-06-19,24.54,0.88,2.03,16.55,,
2020-06-22,24.37,0.87,2.05,16.27,,
2020-06-23,24.43,0.88,2.04,16.08,,
2020-06-24,24.78,0.89,2.01,16.55,,
2020-06-25,24.22,0.87,2.06,16.24,,
2020-06-26,24.48,0.88,2.04,16.68,,
2020-06-29,24,0.86,2.08,16.39,,
2020-06-30,24.18,0.87,2.06,16.52,,
2020-07-01,24.16,0.87,2.06,14.36,,
2020-07-02,24.49,0.88,2.04,14.45,,
2020-07-03,24.89,0.89,2.01,14.64,,
2020-07-06,25.31,0.91,1.97,15.02,,
2020-07-07,25.03,0.9,1.99,14.58,,
2020-07-08,24.97,0.89,2,14.47,,
2020-07-09,25.07,0.9,1.99,14.42,,
2020-07-10,24.87,0.89,2.01,14.39,,
2020-07-13,25.28,0.91,1.97,14.58,,
2020-07-14,25.25,0.91,1.98,14.69,,
2020-07-15,25.46,0.91,1.96,14.94,,
2020-07-16,25.25,0.91,1.98,14.69,,
2020-07-17,25.45,0.91,1.96,14.86,,
2020-07-20,25.42,0.91,1.96,14.80,,
2020-07-21,25.8,0.92,1.94,15.10,,
2020-07-22,25.8,0.92,1.94,14.94,,
2020-07-23,25.65,0.92,1.95,14.77,,
2020-07-24,25.47,0.91,1.96,14.80,,
2020-07-27,25.67,0.92,1.95,15.18,,
2020-07-28,26.13,0.94,1.91,16.00,,
2020-07-29,26.2,0.94,1.91,16.11,,
2020-07-30,26.24,0.94,1.9,16.11,,
2020-07-31,26.04,0.93,1.92,15.81,,
2020-08-03,26.06,0.93,1.92,15.51,,
2020-08-04,26.39,0.95,1.89,15.65,,
2020-08-05,26.77,0.96,1.87,15.54,,
2020-08-06,27.12,0.97,1.84,15.84,,
2020-08-07,27.23,0.98,1.83,15.70,,
2020-08-10,27.63,0.99,1.81,15.78,,
2020-08-11,28.01,1,1.78,15.89,,
2020-08-12,28.16,1.01,1.77,16.11,,
2020-08-13,28.23,1.01,1.77,16.03,,
2020-08-14,27.89,1,1.79,15.84,,
2020-08-18,26.95,0.97,1.84,15.95,,
2020-08-19,27.09,0.98,1.83,15.78,,
2020-08-20,26.1,0.94,1.9,15.13,,
2020-08-21,26.45,0.96,1.87,15.27,,
2020-08-24,26.74,0.97,1.85,15.32,,
2020-08-25,27.17,0.98,1.82,15.40,,
2020-08-26,27.2,0.98,1.82,15.40,,
2020-08-27,26.91,0.97,1.84,15.18,,
2020-08-28,27.02,0.98,1.83,15.13,,
2020-08-31,26.7,0.97,1.85,14.75,,
2020-09-01,26.97,0.98,1.83,14.80,,
2020-09-02,27.14,0.98,1.82,14.86,,
2020-09-03,27.51,0.99,1.8,15.40,,
2020-09-04,27.19,0.98,1.82,15.18,,
2020-09-07,27.37,0.99,1.81,15.43,,
2020-09-08,27.58,1,1.79,16.03,,
2020-09-09,27.28,0.99,1.81,15.95,,
2020-09-10,28.63,0.98,1.8,16.17,,
2020-09-11,28.63,0.98,1.8,16.11,,
2020-09-14,29,0.99,1.78,16.49,,
2020-09-15,29.19,0.99,1.76,16.66,,
2020-09-16,29.1,0.99,1.77,16.66,,
2020-09-17,28.75,0.98,1.79,16.25,,
2020-09-18,28.82,0.98,1.79,16.19,,
2020-09-21,28.55,0.97,1.8,16.17,,
2020-09-22,27.87,0.95,1.85,15.89,,
2020-09-23,27.85,0.95,1.85,16.00,,
2020-09-24,27.13,0.92,1.9,15.78,,
2020-09-25,27.2,0.93,1.89,15.81,,
2020-09-28,27.56,0.94,1.87,15.89,,
2020-09-29,27.79,0.95,1.85,15.89,,
2020-10-05,28.15,0.96,1.83,15.28,,
2020-10-06,28.25,0.96,1.82,15.36,,
2020-10-07,28.5,0.97,1.81,15.59,,
2020-10-08,28.57,0.97,1.8,15.54,,
2020-10-12,28.71,0.98,1.79,15.72,,
2020-10-13,28.7,0.98,1.79,15.86,,
2020-10-14,28.43,0.97,1.81,15.86,,
2020-10-15,28.22,0.96,1.82,15.62,,
2020-10-16,28.1,0.96,1.83,15.49,,
2020-10-19,28.17,0.96,1.83,15.62,,
2020-10-20,28.33,0.97,1.81,15.86,,
2020-10-21,28.48,0.97,1.81,15.86,,
2020-10-22,28.29,0.96,1.82,15.65,,
2020-10-23,28.36,0.97,1.81,15.67,,
2020-10-26,28.15,0.96,1.83,15.72,,
2020-10-27,28,0.96,1.84,15.57,,
2020-10-28,28.17,0.96,1.82,15.36,,
2020-10-29,27.95,0.95,1.84,15.13,,
2020-10-30,27.23,0.93,1.89,14.74,,
2020-11-02,27.63,0.94,1.86,14.94,,
2020-11-03,28.16,0.96,1.83,15.31,,
2020-11-04,28.33,0.97,1.81,15.23,,
2020-11-05,29.01,0.99,1.77,15.70,,
2020-11-06,29.04,0.99,1.77,15.65,,
2020-11-09,29.41,1,1.75,15.67,,
2020-11-10,29.48,1.01,1.74,15.67,,
2020-11-11,29.88,1.02,1.72,15.96,,
2020-11-12,29.76,1.02,1.73,15.88,,
2020-11-13,29.98,1.02,1.71,16.45,,
2020-11-16,30.57,1.04,1.68,17.26,,
2020-11-17,30.53,1.04,1.68,17.10,,
2020-11-18,30.61,1.04,1.68,16.87,,
2020-11-19,30.63,1.05,1.68,16.82,,
2020-11-20,30.71,1.05,1.67,16.84,,
2020-11-23,31.3,1.07,1.64,17.57,,
2020-11-24,31.48,1.07,1.63,17.63,,
2020-11-25,31.29,1.07,1.64,17.34,,
2020-11-26,31.58,1.08,1.63,17.70,,
2020-11-27,31.67,1.08,1.62,17.76,,
2020-11-30,31.17,1.06,1.65,17.37,,
2020-12-01,31.68,1.08,1.62,17.65,,
2020-12-02,32.19,1.1,1.6,18.09,,
2020-12-03,32.43,1.11,1.58,18.15,,
2020-12-04,32.86,1.12,1.56,18.61,,
2020-12-07,33.04,1.13,1.55,18.98,,
2020-12-08,32.52,1.11,1.58,18.67,,
2020-12-09,33.18,1.13,1.55,19.24,,
2020-12-10,33.07,1.13,1.55,18.98,,
2020-12-11,28.37,1.11,1.54,19.11,,
2020-12-14,28.29,1.11,1.54,19.21,,
2020-12-15,28.23,1.11,1.55,19.21,,
2020-12-16,28.39,1.11,1.54,19.21,,
2020-12-17,28.37,1.11,1.54,19.08,,
2020-12-18,28.4,1.11,1.54,19.01,,
2020-12-21,28.47,1.12,1.53,19.01,,
2020-12-22,28.03,1.1,1.56,18.82,,
2020-12-23,28.3,1.11,1.54,19.24,,
2020-12-24,28.78,1.13,1.52,20.25,,
2020-12-28,28.8,1.13,1.52,20.49,,
2020-12-29,28.93,1.14,1.51,20.39,,
2020-12-30,29.47,1.16,1.48,21.09,,
2021-01-04,30.2,1.19,1.44,19.93,,
2021-01-05,30.68,1.2,1.42,20.14,,
2021-01-06,30.45,1.2,1.43,19.73,,
2021-01-07,31.11,1.22,1.4,19.90,,
2021-01-08,32.35,1.27,1.35,21.32,,
2021-01-11,32.31,1.27,1.35,21.85,,
2021-01-12,32.08,1.26,1.36,21.75,,
2021-01-13,32.31,1.27,1.35,21.53,,
2021-01-14,32.33,1.27,1.35,21.53,,
2021-01-15,31.67,1.24,1.38,21.13,,
2021-01-18,30.95,1.21,1.41,20.41,,
2021-01-19,31.76,1.25,1.37,20.89,,
2021-01-20,31.99,1.26,1.36,20.93,,
2021-01-21,32.47,1.27,1.34,21.15,,
2021-01-22,32.26,1.27,1.35,20.84,,
2021-01-25,33.02,1.3,1.32,21.46,,
2021-01-26,32.28,1.27,1.35,20.81,,
2021-01-27,32.1,1.26,1.36,20.55,,
2021-01-28,31.55,1.24,1.38,20.09,,
2021-01-29,30.59,1.2,1.43,19.69,,
2021-02-01,31.42,1.23,1.39,19.93,,
2021-02-02,31.84,1.25,1.37,20.26,,
2021-02-03,32.18,1.26,1.36,20.31,,
2021-02-04,31.74,1.25,1.37,19.81,,
2021-02-05,32.08,1.26,1.36,20.05,,
2021-02-08,31.78,1.25,1.37,19.93,,
2021-02-09,31.71,1.25,1.38,19.85,,
2021-02-10,31.88,1.25,1.37,19.59,,
2021-02-15,32.36,1.27,1.35,20.21,,
2021-02-16,32.53,1.28,1.34,20.38,,
2021-02-17,32.22,1.27,1.35,19.97,,
2021-02-18,31.74,1.25,1.37,19.71,,
2021-02-19,31.96,1.25,1.36,19.83,,
2021-02-22,31.67,1.24,1.38,19.73,,
2021-02-23,31.57,1.24,1.38,19.69,,
2021-02-24,30.8,1.21,1.42,19.69,,
2021-02-25,31.88,1.25,1.37,20.48,,
2021-02-26,30.98,1.22,1.41,19.81,,
2021-03-02,31.3,1.23,1.39,20.07,,
2021-03-03,31.71,1.25,1.38,20.17,,
2021-03-04,31.3,1.23,1.39,19.78,,
2021-03-05,31.12,1.22,1.4,19.71,,
2021-03-08,30.81,1.21,1.42,19.69,,
2021-03-09,30.6,1.2,1.43,19.54,,
2021-03-10,30.42,1.19,1.43,19.42,,
2021-03-11,30.99,1.22,1.41,19.69,,
2021-03-12,31.41,1.23,1.39,19.88,,
2021-03-15,31.32,1.23,1.39,19.64,,
2021-03-16,31.54,1.24,1.38,19.88,,
2021-03-17,31.34,1.23,1.39,19.76,,
2021-03-18,31.53,1.24,1.38,19.90,,
2021-03-19,31.45,1.24,1.39,19.66,,
2021-03-22,31.41,1.23,1.39,19.69,,
2021-03-23,31.09,1.22,1.4,19.64,,
2021-03-24,31,1.22,1.41,19.45,,
2021-03-25,31.12,1.22,1.4,19.49,,
2021-03-26,31.45,1.24,1.39,19.57,,
2021-03-29,31.4,1.23,1.39,19.59,,
2021-03-30,31.75,1.25,1.37,19.73,,
2021-03-31,31.67,1.24,1.38,19.54,,
2021-04-01,31.94,1.25,1.36,17.46,,
2021-04-02,32.2,1.26,1.35,17.86,,
2021-04-05,32.29,1.27,1.35,17.98,,
2021-04-06,32.35,1.27,1.35,18.11,,
2021-04-07,32.46,1.27,1.34,18.03,,
2021-04-08,32.52,1.28,1.34,17.84,,
2021-04-09,32.4,1.27,1.35,17.61,,
2021-04-12,32.44,1.27,1.34,17.52,,
2021-04-13,32.79,1.29,1.33,17.69,,
2021-04-14,32.95,1.29,1.32,17.69,,
2021-04-15,33.07,1.3,1.32,17.71,,
2021-04-16,33.12,1.3,1.32,17.67,,
2021-04-19,33.12,1.3,1.32,17.54,,
2021-04-20,33.35,1.31,1.31,17.67,,
2021-04-21,32.85,1.29,1.33,17.39,,
2021-04-22,32.92,1.29,1.32,17.35,,
2021-04-23,32.99,1.3,1.32,17.44,,
2021-04-26,33.32,1.31,1.31,17.58,,
2021-04-27,33.3,1.31,1.31,17.46,,
2021-04-28,32.94,1.29,1.32,17.29,,
2021-04-29,32.87,1.29,1.33,17.21,,
2021-04-30,32.6,1.28,1.34,17.16,,
2021-05-03,26.05,1.26,1.83,17.21,,
2021-05-04,26.22,1.27,1.82,17.39,,
2021-05-06,26.48,1.28,1.8,17.33,,
2021-05-07,26.63,1.29,1.79,17.25,,
2021-05-10,27.07,1.31,1.76,17.52,,
2021-05-11,26.75,1.3,1.79,17.10,,
2021-05-12,26.46,1.28,1.8,16.85,,
2021-05-13,26.09,1.26,1.83,16.53,,
2021-05-14,26.36,1.28,1.81,16.87,,
2021-05-17,26.2,1.27,1.82,16.76,,
2021-05-18,26.53,1.28,1.8,16.76,,
2021-05-20,26.44,1.28,1.81,16.74,,
2021-05-21,26.39,1.28,1.81,16.87,,
2021-05-24,26.25,1.27,1.82,16.78,,
2021-05-25,26.48,1.28,1.8,16.83,,
2021-05-26,26.46,1.28,1.8,16.80,,
2021-05-27,26.43,1.28,1.81,16.76,,
2021-05-28,26.56,1.29,1.8,16.87,,
2021-05-31,26.69,1.29,1.79,16.95,,
2021-06-01,26.84,1.3,1.78,16.97,,
2021-06-02,26.86,1.3,1.78,17.02,,
2021-06-03,18.13,1.28,1.76,17.44,,
2021-06-04,18.09,1.28,1.77,17.31,,
2021-06-07,18.16,1.28,1.76,17.25,,
2021-06-08,18.13,1.28,1.76,17.25,,
2021-06-09,17.95,1.27,1.78,17.08,,
2021-06-10,17.97,1.27,1.77,17.06,,
2021-06-11,18.11,1.28,1.76,17.06,,
2021-06-14,18.12,1.28,1.76,16.95,,
2021-06-15,18.16,1.29,1.76,17.04,,
2021-06-16,18.27,1.29,1.74,17.23,,
2021-06-17,18.2,1.29,1.75,17.04,,
2021-06-18,18.22,1.29,1.75,16.95,,
2021-06-21,18.06,1.28,1.76,16.83,,
2021-06-22,18.19,1.29,1.75,16.85,,
2021-06-23,18.26,1.29,1.75,16.87,,
2021-06-24,18.32,1.3,1.74,17.10,,
2021-06-25,18.41,1.3,1.73,17.18,,
2021-06-28,18.4,1.3,1.73,17.25,,
2021-06-29,18.33,1.3,1.74,17.06,,
2021-06-30,18.38,1.3,1.73,16.99,,
2021-07-01,18.3,1.3,1.74,15.53,,
2021-07-02,18.3,1.3,1.74,15.51,,
2021-07-05,18.37,1.3,1.74,15.58,,
2021-07-06,18.44,1.31,1.73,15.74,,
2021-07-07,18.33,1.3,1.74,15.66,,
2021-07-08,18.15,1.29,1.76,15.49,,
2021-07-09,17.95,1.27,1.78,15.39,,
2021-07-12,18.11,1.28,1.76,15.45,,
2021-07-13,18.25,1.29,1.75,15.47,,
2021-07-14,18.22,1.29,1.75,15.41,,
2021-07-15,18.34,1.3,1.74,15.62,,
2021-07-16,18.31,1.3,1.74,15.47,,
2021-07-19,18.08,1.29,1.76,15.31,,
2021-07-20,18.02,1.28,1.76,15.31,,
2021-07-21,17.94,1.28,1.77,15.21,,
2021-07-22,18.11,1.29,1.75,15.45,,
2021-07-23,18.14,1.29,1.75,15.37,,
2021-07-26,17.97,1.28,1.77,15.27,,
2021-07-27,18.01,1.28,1.76,15.21,,
2021-07-28,18.04,1.28,1.76,15.35,,
2021-07-29,18.07,1.29,1.76,15.31,,
2021-07-30,17.85,1.27,1.78,15.21,,
2021-08-02,17.96,1.28,1.77,15.37,,
2021-08-03,18.04,1.28,1.76,15.78,,
2021-08-04,18.28,1.3,1.74,16.07,,
2021-08-05,18.26,1.3,1.74,15.91,,
2021-08-06,18.23,1.3,1.74,15.80,,
2021-08-09,18.43,1.31,1.72,15.80,,
2021-08-10,18.34,1.3,1.73,15.54,,
2021-08-11,18.31,1.31,1.73,15.21,,
2021-08-12,18.24,1.3,1.73,14.92,,
2021-08-13,18.02,1.29,1.75,14.42,,
2021-08-17,17.86,1.28,1.77,14.38,,
2021-08-18,17.94,1.28,1.76,14.32,,
2021-08-19,17.6,1.26,1.79,14.17,,
2021-08-20,17.39,1.24,1.81,14.09,,
2021-08-23,17.57,1.26,1.8,14.21,,
2021-08-24,17.84,1.28,1.77,14.65,,
2021-08-25,17.89,1.28,1.76,14.67,,
2021-08-26,17.78,1.27,1.77,14.46,,
2021-08-27,17.82,1.27,1.77,14.40,,
2021-08-30,17.88,1.28,1.77,14.46,,
2021-08-31,18.2,1.3,1.73,14.87,,
2021-09-01,18.24,1.3,1.73,14.89,,
2021-09-02,18.1,1.29,1.74,14.73,,
2021-09-03,18.24,1.3,1.73,14.85,,
2021-09-06,18.25,1.3,1.73,14.98,,
2021-09-07,18.16,1.3,1.74,14.75,,
2021-09-08,18.02,1.29,1.75,14.79,,
2021-09-09,14.82,1.23,1.77,14.59,,
2021-09-10,14.87,1.23,1.77,14.59,,
2021-09-13,14.89,1.23,1.77,14.79,,
2021-09-14,14.99,1.24,1.75,14.85,,
2021-09-15,15.01,1.24,1.75,14.92,,
2021-09-16,14.91,1.23,1.76,14.75,,
2021-09-17,14.95,1.24,1.76,14.96,,
2021-09-23,15,1.23,1.76,15.00,,
2021-09-24,14.99,1.23,1.76,14.98,,
2021-09-27,15.03,1.24,1.75,15.06,,
2021-09-28,14.86,1.22,1.77,14.79,,
2021-09-29,14.68,1.21,1.8,14.36,,
2021-09-30,14.72,1.21,1.79,14.36,,
2021-10-01,14.48,1.19,1.82,12.67,,
2021-10-05,14.21,1.17,1.86,12.50,,
2021-10-06,13.95,1.15,1.89,12.34,,
2021-10-07,14.2,1.17,1.86,12.39,,
2021-10-08,14.18,1.17,1.86,12.38,,
2021-10-12,13.99,1.15,1.88,11.94,,
2021-10-13,14.12,1.16,1.87,11.91,,
2021-10-14,14.34,1.18,1.84,12.01,,
2021-10-15,14.47,1.19,1.82,12.13,,
2021-10-18,14.43,1.19,1.83,12.15,,
2021-10-19,14.54,1.2,1.81,12.22,,
2021-10-20,14.46,1.19,1.82,12.17,,
2021-10-21,14.43,1.19,1.83,12.15,,
2021-10-22,14.43,1.19,1.83,12.19,,
2021-10-25,14.5,1.19,1.82,12.15,,
2021-10-26,14.63,1.2,1.8,12.31,,
2021-10-27,14.52,1.19,1.82,12.13,,
2021-10-28,14.44,1.19,1.83,12.24,,
2021-10-29,14.25,1.17,1.85,12.08,,
2021-11-01,14.3,1.18,1.84,12.10,,
2021-11-02,14.46,1.19,1.82,12.38,,
2021-11-03,14.29,1.17,1.85,12.19,,
2021-11-04,14.5,1.19,1.82,12.22,,
2021-11-05,14.43,1.19,1.83,12.15,,
2021-11-08,14.39,1.18,1.83,12.22,,
2021-11-09,14.4,1.18,1.83,12.20,,
2021-11-10,14.24,1.17,1.85,12.15,,
2021-11-11,14.21,1.17,1.85,12.10,,
2021-11-12,14.43,1.19,1.83,12.22,,
2021-11-15,14.58,1.2,1.81,12.36,,
2021-11-16,14.59,1.2,1.81,12.34,,
2021-11-17,14.42,1.19,1.83,12.24,,
2021-11-18,14.34,1.18,1.84,12.15,,
2021-11-19,14.46,1.19,1.82,12.32,,
2021-11-22,14.67,1.21,1.8,12.96,,
2021-11-23,14.59,1.2,1.81,13.03,,
2021-11-24,14.57,1.2,1.81,12.95,,
2021-11-25,14.51,1.19,1.82,12.76,,
2021-11-26,14.29,1.17,1.84,12.51,,
2021-11-29,14.17,1.16,1.86,12.51,,
2021-11-30,13.77,1.13,1.92,12.34,,
2021-12-01,14.07,1.16,1.87,12.88,,
2021-12-02,14.29,1.17,1.85,13.12,,
2021-12-03,14.4,1.18,1.83,13.09,,
2021-12-06,14.43,1.19,1.83,13.21,,
2021-12-07,14.52,1.19,1.82,13.40,,
2021-12-08,14.57,1.2,1.81,13.40,,
2021-12-09,14.71,1.21,1.79,13.54,,
2021-12-10,14.62,1.2,1.8,13.31,,
2021-12-13,12.82,1.15,1.81,13.29,,
2021-12-14,12.76,1.15,1.82,13.33,,
2021-12-15,12.77,1.15,1.82,13.43,,
2021-12-16,12.84,1.15,1.81,13.47,,
2021-12-17,12.89,1.16,1.8,13.50,,
2021-12-20,12.65,1.14,1.83,13.35,,
2021-12-21,12.7,1.14,1.82,13.52,,
2021-12-22,12.74,1.14,1.82,13.74,,
2021-12-23,12.8,1.15,1.81,13.83,,
2021-12-24,12.86,1.15,1.8,13.93,,
2021-12-27,12.8,1.15,1.81,13.88,,
2021-12-28,12.89,1.16,1.8,13.90,,
2021-12-29,12.78,1.15,1.81,13.64,,
2021-12-30,12.72,1.14,1.82,13.55,,
2022-01-03,12.76,1.15,1.82,12.34,,
2022-01-04,12.76,1.15,1.82,12.35,,
2022-01-05,12.61,1.13,1.84,12.15,,
2022-01-06,12.47,1.12,1.86,12.07,,
2022-01-07,12.62,1.13,1.84,12.29,,
2022-01-10,12.51,1.12,1.85,12.24,,
2022-01-11,12.51,1.12,1.85,12.38,,
2022-01-12,12.7,1.14,1.83,12.38,,
2022-01-13,12.66,1.14,1.83,12.23,,
2022-01-14,12.48,1.12,1.86,12.13,,
2022-01-17,12.35,1.11,1.88,12.16,,
2022-01-18,12.23,1.1,1.9,12.08,,
2022-01-19,12.14,1.09,1.91,11.98,,
2022-01-20,12.23,1.1,1.9,12.01,,
2022-01-21,12.11,1.09,1.92,11.87,,
2022-01-24,11.93,1.07,1.94,11.79,,
2022-01-25,11.62,1.04,2,11.61,,
2022-01-26,11.57,1.04,2,11.50,,
2022-01-27,11.16,1,2.08,11.19,,
2022-01-28,12.14,1.08,1.92,11.50,,
2022-02-03,12.34,1.1,1.88,11.50,,
2022-02-04,12.53,1.12,1.86,11.61,,
2022-02-07,12.51,1.12,1.86,11.46,,
2022-02-08,12.52,1.12,1.86,11.54,,
2022-02-09,12.62,1.13,1.84,11.72,,
2022-02-10,12.64,1.13,1.84,11.83,,
2022-02-11,12.53,1.12,1.86,11.76,,
2022-02-14,12.33,1.1,1.89,11.57,,
2022-02-15,12.2,1.09,1.91,11.57,,
2022-02-16,12.44,1.11,1.87,11.74,,
2022-02-17,12.51,1.12,1.86,11.77,,
2022-02-18,12.51,1.12,1.86,11.66,,
2022-02-21,12.51,1.12,1.86,11.65,,
2022-02-22,12.34,1.1,1.88,11.52,,
2022-02-23,12.39,1.11,1.88,11.46,,
2022-02-24,12.07,1.08,1.93,11.22,,
2022-02-25,12.2,1.09,1.91,11.28,,
2022-02-28,12.32,1.1,1.89,11.32,,
2022-03-02,12.34,1.1,1.88,11.25,,
2022-03-03,12.54,1.12,1.85,11.44,,
2022-03-04,12.39,1.11,1.88,11.22,,
2022-03-07,12.1,1.08,1.92,11.00,,
2022-03-08,11.97,1.07,1.94,10.91,,
2022-03-10,12.23,1.09,1.9,11.17,,
2022-03-11,12.15,1.08,1.91,10.99,,
2022-03-14,12.07,1.08,1.93,11.02,,
2022-03-15,11.97,1.07,1.94,10.91,,
2022-03-16,12.14,1.08,1.92,11.05,,
2022-03-17,12.3,1.1,1.89,11.17,,
2022-03-18,12.36,1.1,1.88,11.10,,
2022-03-21,12.26,1.09,1.9,10.97,,
2022-03-22,12.37,1.1,1.88,11.03,,
2022-03-23,12.48,1.11,1.86,11.06,,
2022-03-24,12.45,1.11,1.87,10.95,,
2022-03-25,12.46,1.11,1.87,10.95,,
2022-03-28,12.46,1.11,1.87,10.94,,
2022-03-29,12.51,1.12,1.86,11.02,,
2022-03-30,12.54,1.12,1.85,10.97,,
2022-03-31,12.58,1.12,1.85,10.92,,
2022-04-01,12.5,1.12,1.86,10.48,,
2022-04-04,12.59,1.12,1.85,10.51,,
2022-04-05,12.59,1.12,1.85,10.50,,
2022-04-06,12.48,1.11,1.86,10.39,,
2022-04-07,12.3,1.1,1.89,10.31,,
2022-04-08,12.32,1.1,1.89,10.28,,
2022-04-11,12.29,1.1,1.89,10.30,,
2022-04-12,12.17,1.09,1.91,10.16,,
2022-04-13,12.4,1.11,1.88,10.42,,
2022-04-14,12.4,1.11,1.88,10.24,,
2022-04-15,12.3,1.1,1.89,10.10,,
2022-04-18,12.29,1.1,1.89,10.12,,
2022-04-19,12.41,1.11,1.87,10.21,,
2022-04-20,12.41,1.11,1.87,10.22,,
2022-04-21,12.45,1.11,1.87,10.27,,
2022-04-22,12.34,1.1,1.88,10.16,,
2022-04-25,12.12,1.08,1.92,10.06,,
2022-04-26,12.18,1.09,1.91,10.03,,
2022-04-27,12.04,1.07,1.93,9.86,,
2022-04-28,12.17,1.09,1.91,9.83,,
2022-04-29,12.3,1.1,1.89,10.22,,
2022-05-02,11.13,1.08,1.85,10.21,,
2022-05-03,11.1,1.07,1.85,10.24,,
2022-05-04,11.09,1.07,1.85,10.30,,
2022-05-06,10.95,1.06,1.88,10.09,,
2022-05-09,10.81,1.05,1.9,10.03,,
2022-05-10,10.75,1.04,1.91,9.97,,
2022-05-11,10.74,1.04,1.92,9.97,,
2022-05-12,10.56,1.02,1.95,9.84,,
2022-05-13,10.79,1.04,1.91,10.09,,
2022-05-16,10.75,1.04,1.91,10.06,,
2022-05-17,10.85,1.05,1.9,10.25,,
2022-05-18,10.87,1.05,1.89,10.33,,
2022-05-19,10.73,1.04,1.92,10.24,,
2022-05-20,10.93,1.06,1.88,10.31,,
2022-05-23,10.96,1.06,1.88,10.30,,
2022-05-24,10.79,1.04,1.91,10.09,,
2022-05-25,10.83,1.05,1.9,10.07,,
2022-05-26,10.81,1.05,1.9,10.00,,
2022-05-27,10.92,1.06,1.88,10.09,,
2022-05-30,11.05,1.07,1.86,10.27,,
2022-05-31,11.12,1.08,1.85,10.22,,
2022-06-02,11.01,1.06,1.87,10.12,,
2022-06-03,11.06,1.07,1.86,10.13,,
2022-06-07,10.87,1.05,1.89,9.93,,
2022-06-08,10.87,1.05,1.89,9.90,,
2022-06-09,11.44,1.04,1.89,9.89,,
2022-06-10,11.31,1.02,1.91,9.68,,
2022-06-13,10.91,0.99,1.98,9.42,,
2022-06-14,10.86,0.98,1.99,9.39,,
2022-06-15,10.66,0.96,2.03,9.21,,
2022-06-16,10.68,0.97,2.03,9.24,,
2022-06-17,10.63,0.96,2.03,9.07,,
2022-06-20,10.42,0.94,2.08,8.90,,
2022-06-21,10.5,0.95,2.06,8.87,,
2022-06-22,10.21,0.92,2.12,8.74,,
2022-06-23,10.08,0.91,2.15,8.71,,
2022-06-24,10.31,0.93,2.1,8.86,,
2022-06-27,10.47,0.95,2.07,8.92,,
2022-06-28,10.56,0.96,2.05,9.01,,
2022-06-29,10.37,0.94,2.09,8.80,,
2022-06-30,10.17,0.92,2.13,8.65,,
2022-07-01,10.05,0.91,2.15,9.12,,
2022-07-04,10.03,0.91,2.16,9.26,,
2022-07-05,10.21,0.92,2.12,9.28,,
2022-07-06,9.99,0.9,2.17,9.15,,
2022-07-07,10.18,0.92,2.13,9.44,,
2022-07-08,10.25,0.93,2.11,9.52,,
2022-07-11,10.2,0.92,2.12,9.54,,
2022-07-12,10.11,0.91,2.14,9.43,,
2022-07-13,10.15,0.92,2.13,9.41,,
2022-07-14,10.13,0.92,2.14,9.33,,
2022-07-15,10.17,0.92,2.13,9.73,,
2022-07-18,10.36,0.94,2.09,10.04,,
2022-07-19,10.34,0.94,2.09,9.88,,
2022-07-20,10.41,0.94,2.08,9.81,,
2022-07-21,10.51,0.95,2.06,10.03,,
2022-07-22,10.44,0.95,2.07,9.94,,
2022-07-25,10.48,0.95,2.06,9.91,,
2022-07-26,10.52,0.95,2.06,10.01,,
2022-07-27,10.54,0.95,2.05,10.03,,
2022-07-28,10.62,0.96,2.04,10.04,,
2022-07-29,10.69,0.97,2.02,9.96,,
2022-08-01,10.69,0.97,2.02,9.94,,
2022-08-02,10.64,0.96,2.03,10.01,,
2022-08-03,10.74,0.97,2.01,9.94,,
2022-08-04,10.79,0.98,2.01,9.98,,
2022-08-05,10.87,0.98,1.99,9.98,,
2022-08-08,10.88,0.99,1.99,9.86,,
2022-08-09,10.93,0.99,1.98,9.73,,
2022-08-10,10.83,0.98,2,9.59,,
2022-08-11,11.02,1,1.96,9.72,,
2022-08-12,11.04,1,1.96,9.77,,
2022-08-16,11.06,1,1.96,9.90,,
2022-08-17,10.99,0.99,1.97,9.80,,
2022-08-18,10.95,0.99,1.98,9.98,,
2022-08-19,10.88,0.99,1.99,9.88,,
2022-08-22,10.75,0.97,2.01,9.73,,
2022-08-23,10.63,0.96,2.03,9.59,,
2022-08-24,10.69,0.97,2.02,9.57,,
2022-08-25,10.82,0.98,2,9.69,,
2022-08-26,10.83,0.98,2,9.73,,
2022-08-29,10.6,0.96,2.04,9.51,,
2022-08-30,10.7,0.97,2.02,9.54,,
2022-08-31,10.8,0.98,2,9.69,,
2022-09-01,10.55,0.95,2.05,9.47,,
2022-09-02,10.52,0.95,2.06,9.33,,
2022-09-05,10.49,0.95,2.06,9.26,,
2022-09-06,10.52,0.95,2.06,9.26,,
2022-09-07,10.37,0.94,2.09,9.08,,
2022-09-08,10.41,0.94,2.08,9.02,,
2022-09-13,10.7,0.97,2.02,9.43,,
2022-09-14,10.53,0.95,2.05,9.21,,
2022-09-15,10.49,0.95,2.06,9.08,,
2022-09-16,10.24,0.92,2.08,9.12,,
2022-09-19,10.13,0.91,2.1,9.15,,
2022-09-20,10.18,0.92,2.09,9.05,,
2022-09-21,10.09,0.91,2.11,8.97,,
2022-09-22,10.03,0.9,2.12,8.83,,
2022-09-23,9.84,0.89,2.16,8.84,,
2022-09-26,9.55,0.86,2.23,8.74,,
2022-09-27,9.56,0.86,2.23,8.79,,
2022-09-28,9.32,0.84,2.28,8.58,,
2022-09-29,9.33,0.84,2.28,8.53,,
2022-09-30,9.26,0.83,2.3,8.61,,
2022-10-04,9.5,0.85,2.24,6.85,,
2022-10-05,9.52,0.86,2.24,6.95,,
2022-10-06,9.62,0.87,2.21,6.99,,
2022-10-07,9.6,0.86,2.22,6.98,,
2022-10-11,9.42,0.85,2.26,6.88,,
2022-10-12,9.47,0.85,2.25,6.93,,
2022-10-13,9.3,0.84,2.29,6.85,,
2022-10-14,9.52,0.86,2.24,6.99,,
2022-10-17,9.55,0.86,2.23,7.02,,
2022-10-18,9.68,0.87,2.2,7.01,,
2022-10-19,9.62,0.87,2.21,6.93,,
2022-10-20,9.54,0.86,2.23,6.89,,
2022-10-21,9.52,0.86,2.24,6.94,,
2022-10-24,9.62,0.87,2.21,7.14,,
2022-10-25,9.62,0.87,2.21,7.16,,
2022-10-26,9.68,0.87,2.2,7.37,,
2022-10-27,9.85,0.89,2.16,7.38,,
2022-10-28,9.76,0.88,2.18,7.11,,
2022-10-31,9.87,0.89,2.16,7.37,,
2022-11-01,10.05,0.9,2.12,7.45,,
2022-11-02,10.06,0.91,2.12,7.40,,
2022-11-03,10.01,0.9,2.13,7.35,,
2022-11-04,10.1,0.91,2.11,7.37,,
2022-11-07,10.2,0.92,2.09,7.47,,
2022-11-08,10.32,0.93,2.07,7.67,,
2022-11-09,10.42,0.94,2.04,7.69,,
2022-11-10,10.33,0.93,2.06,7.50,,
2022-11-11,10.68,0.96,2,7.81,,
2022-11-14,10.64,0.96,2,7.68,,
2022-11-15,10.66,0.96,2,7.74,,
2022-11-16,10.66,0.96,2,7.78,,
2022-11-17,10.51,0.95,2.03,7.62,,
2022-11-18,10.52,0.95,2.03,7.67,,
2022-11-21,10.41,0.94,2.05,7.62,,
2022-11-22,10.35,0.93,2.06,7.52,,
2022-11-23,10.4,0.94,2.05,7.57,,
2022-11-24,10.5,0.95,2.03,7.62,,
2022-11-25,10.49,0.95,2.03,7.57,,
2022-11-28,10.36,0.93,2.06,7.46,,
2022-11-29,10.47,0.94,2.03,7.52,,
2022-11-30,10.64,0.96,2,7.72,,
2022-12-01,10.67,0.96,2,7.77,,
2022-12-02,10.47,0.94,2.03,7.50,,
2022-12-05,10.41,0.94,2.05,7.48,,
2022-12-06,10.29,0.93,2.07,7.35,,
2022-12-07,10.25,0.92,2.08,7.31,,
2022-12-08,10.2,0.92,2.09,7.35,,
2022-12-09,10.28,0.93,2.07,7.50,,
2022-12-12,10.21,0.92,2.09,7.38,,
2022-12-13,10.2,0.92,2.09,7.41,,
2022-12-14,10.33,0.93,2.06,7.51,,
2022-12-15,10.16,0.92,2.1,7.36,,
2022-12-16,11.39,0.89,2.1,7.38,,
2022-12-19,11.36,0.88,2.1,7.38,,
2022-12-20,11.26,0.88,2.12,7.27,,
2022-12-21,11.24,0.88,2.13,7.20,,
2022-12-22,11.38,0.89,2.1,7.34,,
2022-12-23,11.13,0.87,2.14,7.21,,
2022-12-26,11.14,0.87,2.14,7.19,,
2022-12-27,11.22,0.88,2.12,7.21,,
2022-12-28,10.97,0.86,2.17,7.02,,
2022-12-29,10.76,0.84,2.22,6.86,,
2023-01-02,10.7,0.84,2.23,8.38,,
2023-01-03,10.67,0.83,2.23,8.36,,
2023-01-04,10.85,0.85,2.2,8.72,,
2023-01-05,10.89,0.85,2.19,8.78,,
2023-01-06,11.02,0.86,2.16,8.91,,
2023-01-09,11.31,0.88,2.11,9.16,,
2023-01-10,11.31,0.88,2.11,9.12,,
2023-01-11,11.35,0.89,2.1,9.13,,
2023-01-12,11.38,0.89,2.09,9.13,,
2023-01-13,11.48,0.9,2.08,9.18,,
2023-01-16,11.55,0.9,2.06,9.22,,
2023-01-17,11.45,0.9,2.08,9.21,,
2023-01-18,11.39,0.89,2.09,9.12,,
2023-01-19,11.45,0.9,2.08,9.28,,
2023-01-20,11.53,0.9,2.07,9.33,,
2023-01-25,11.69,0.91,2.04,9.57,,
2023-01-26,11.89,0.93,2,9.65,,
2023-01-27,11.96,0.94,1.99,9.75,,
2023-01-30,11.81,0.92,2.02,9.55,,
2023-01-31,11.69,0.91,2.04,9.21,,
2023-02-01,11.81,0.92,2.02,9.33,,
2023-02-02,11.9,0.93,2,9.58,,
2023-02-03,11.96,0.94,1.99,9.63,,
2023-02-06,11.75,0.92,2.03,9.30,,
2023-02-07,11.81,0.92,2.02,9.34,,
2023-02-08,11.97,0.94,1.99,9.52,,
2023-02-09,11.96,0.94,1.99,9.51,,
2023-02-10,11.9,0.93,2,9.48,,
2023-02-13,11.82,0.92,2.02,9.49,,
2023-02-14,11.88,0.93,2.01,9.54,,
2023-02-15,11.7,0.92,2.04,9.39,,
2023-02-16,11.93,0.93,2,9.61,,
2023-02-17,11.81,0.92,2.02,9.45,,
2023-02-20,11.83,0.93,2.01,9.46,,
2023-02-21,11.88,0.92,2.01,9.37,,
2023-02-22,11.68,0.91,2.05,9.22,,
2023-02-23,11.79,0.92,2.03,9.36,,
2023-02-24,11.71,0.91,2.04,9.25,,
2023-02-27,11.61,0.9,2.06,9.13,,
2023-02-28,11.66,0.91,2.05,9.15,,
2023-03-02,11.73,0.91,2.04,9.18,,
2023-03-03,11.75,0.91,2.04,9.13,,
2023-03-06,11.9,0.93,2.01,9.28,,
2023-03-07,11.9,0.93,2.01,9.16,,
2023-03-08,11.75,0.91,2.04,9.10,,
2023-03-09,11.69,0.91,2.05,9.07,,
2023-03-10,11.57,0.9,2.07,8.98,,
2023-03-13,11.65,0.91,2.05,9.06,,
2023-03-14,11.35,0.88,2.11,8.91,,
2023-03-15,11.5,0.89,2.08,9.03,,
2023-03-16,11.49,0.89,2.08,9.04,,
2023-03-17,11.58,0.9,2.07,9.25,,
2023-03-20,11.5,0.89,2.08,9.09,,
2023-03-21,11.54,0.9,2.07,9.10,,
2023-03-22,11.67,0.91,2.05,9.22,,
2023-03-23,11.71,0.91,2.04,9.40,,
2023-03-24,11.66,0.91,2.05,9.51,,
2023-03-27,11.64,0.91,2.05,9.37,,
2023-03-28,11.76,0.92,2.03,9.49,,
2023-03-29,11.81,0.92,2.03,9.46,,
2023-03-30,11.85,0.92,2.02,9.54,,
2023-03-31,11.97,0.93,2,9.66,,
2023-04-03,11.96,0.93,2,12.04,,
2023-04-04,12,0.93,1.99,12.14,,
2023-04-05,12.07,0.94,1.98,12.19,,
2023-04-06,11.89,0.93,2.01,11.89,,
2023-04-07,12.04,0.94,1.98,12.40,,
2023-04-10,12.15,0.95,1.97,12.54,,
2023-04-11,12.32,0.96,1.94,12.58,,
2023-04-12,12.33,0.96,1.94,12.60,,
2023-04-13,12.39,0.96,1.93,12.61,,
2023-04-14,12.43,0.97,1.92,12.42,,
2023-04-17,12.45,0.97,1.92,12.46,,
2023-04-18,12.43,0.97,1.92,12.52,,
2023-04-19,12.46,0.97,1.92,12.50,,
2023-04-20,12.4,0.97,1.93,12.46,,
2023-04-21,12.31,0.96,1.94,12.54,,
2023-04-24,12.21,0.95,1.96,12.44,,
2023-04-25,12.08,0.94,1.99,12.14,,
2023-04-26,12.06,0.94,1.99,12.23,,
2023-04-27,12.11,0.94,1.98,12.33,,
2023-04-28,12.14,0.94,1.98,12.50,,
2023-05-02,13.3,0.96,1.97,12.54,,
2023-05-03,13.18,0.95,1.99,12.48,,
2023-05-04,13.17,0.95,1.99,12.42,,
2023-05-08,13.24,0.96,1.98,12.58,,
2023-05-09,13.22,0.96,1.98,12.46,,
2023-05-10,13.15,0.95,1.99,12.33,,
2023-05-11,13.12,0.95,1.99,12.25,,
2023-05-12,13.04,0.94,2.01,12.23,,
2023-05-15,13.06,0.94,2,12.31,,
2023-05-16,13.06,0.95,2,12.48,,
2023-05-17,13.14,0.95,1.99,12.40,,
2023-05-18,13.25,0.96,1.97,12.63,,
2023-05-19,13.37,0.97,1.96,13.05,,
2023-05-22,13.47,0.97,1.94,13.07,,
2023-05-23,13.53,0.98,1.93,13.05,,
2023-05-24,13.53,0.98,1.93,13.07,,
2023-05-25,13.46,0.97,1.94,13.13,,
2023-05-26,13.48,0.98,1.94,13.42,,
2023-05-30,13.62,0.99,1.92,13.80,,
2023-05-31,13.57,0.98,1.93,13.63,,
2023-06-01,13.52,0.98,1.93,13.53,,
2023-06-02,13.69,0.99,1.91,13.78,,
2023-06-05,13.76,1,1.9,13.68,,
2023-06-07,13.76,1,1.9,13.55,,
2023-06-08,13.74,0.99,1.9,13.53,,
2023-06-09,16.15,0.97,1.88,13.74,,
2023-06-12,16.07,0.96,1.89,13.55,,
2023-06-13,16.15,0.97,1.88,13.74,,
2023-06-14,16.03,0.96,1.9,13.72,,
2023-06-15,15.97,0.95,1.9,13.64,,
2023-06-16,16.07,0.96,1.89,13.70,,
2023-06-19,15.97,0.95,1.9,13.59,,
2023-06-20,15.93,0.95,1.91,13.63,,
2023-06-21,15.8,0.95,1.92,13.45,,
2023-06-22,15.87,0.95,1.91,13.61,,
2023-06-23,15.72,0.94,1.93,13.66,,
2023-06-26,15.8,0.95,1.92,13.82,,
2023-06-27,15.79,0.94,1.92,13.85,,
2023-06-28,15.69,0.94,1.94,13.87,,
2023-06-29,15.6,0.93,1.95,13.82,,
2023-06-30,15.69,0.94,1.94,13.78,,
2023-07-03,15.92,0.95,1.91,15.52,,
2023-07-04,15.87,0.95,1.91,15.52,,
2023-07-05,15.78,0.94,1.92,15.31,,
2023-07-06,15.64,0.94,1.94,15.22,,
2023-07-07,15.46,0.92,1.96,14.86,,
2023-07-10,15.42,0.92,1.97,14.77,,
2023-07-11,15.68,0.94,1.94,15.20,,
2023-07-12,15.76,0.94,1.93,15.29,,
2023-07-13,15.85,0.95,1.91,15.29,,
2023-07-14,16.08,0.96,1.89,15.60,,
2023-07-17,16.03,0.96,1.89,15.58,,
2023-07-18,15.96,0.95,1.9,15.31,,
2023-07-19,15.96,0.95,1.9,15.24,,
2023-07-20,15.91,0.95,1.91,15.09,,
2023-07-21,15.97,0.96,1.9,14.95,,
2023-07-24,16.09,0.96,1.89,14.97,,
2023-07-25,16.14,0.97,1.88,14.88,,
2023-07-26,15.87,0.95,1.91,14.84,,
2023-07-27,15.94,0.95,1.9,15.24,,
2023-07-28,15.97,0.96,1.9,15.01,,
2023-07-31,16.12,0.96,1.88,14.84,,
2023-08-01,16.33,0.98,1.86,15.12,,
2023-08-02,16.02,0.96,1.9,14.86,,
2023-08-03,15.96,0.95,1.9,14.63,,
2023-08-04,15.95,0.95,1.9,14.52,,
2023-08-07,15.81,0.95,1.92,14.56,,
2023-08-08,15.77,0.94,1.93,14.37,,
2023-08-09,15.96,0.96,1.9,14.65,,
2023-08-10,15.94,0.95,1.9,14.46,,
2023-08-11,15.88,0.95,1.91,14.35,,
2023-08-14,15.75,0.94,1.93,14.31,,
2023-08-16,15.46,0.93,1.96,14.24,,
2023-08-17,15.43,0.92,1.97,14.18,,
2023-08-18,15.33,0.92,1.98,14.09,,
2023-08-21,15.36,0.92,1.98,14.16,,
2023-08-22,15.39,0.92,1.97,14.16,,
2023-08-23,15.33,0.92,1.98,14.26,,
2023-08-24,15.52,0.93,1.95,14.50,,
2023-08-25,15.41,0.92,1.97,14.26,,
2023-08-28,15.56,0.93,1.95,14.20,,
2023-08-29,15.61,0.94,1.94,14.20,,
2023-08-30,15.67,0.94,1.93,14.26,,
2023-08-31,15.64,0.94,1.94,14.22,,
2023-09-01,15.68,0.94,1.93,15.09,,
2023-09-04,15.81,0.95,1.92,15.14,,
2023-09-05,15.8,0.95,1.92,15.03,,
2023-09-06,15.68,0.94,1.93,14.88,,
2023-09-07,15.59,0.93,1.94,14.97,,
2023-09-08,15.59,0.93,1.94,14.95,,
2023-09-11,15.64,0.94,1.94,15.05,,
2023-09-12,15.52,0.93,1.95,14.99,,
2023-09-13,15.51,0.93,1.95,15.07,,
2023-09-14,15.74,0.94,1.93,15.24,,
2023-09-15,15.92,0.95,1.9,15.31,,
2023-09-18,15.76,0.94,1.92,14.92,,
2023-09-19,19.15,0.93,1.93,14.84,,
2023-09-20,19.15,0.93,1.93,14.80,,
2023-09-21,18.82,0.91,1.97,14.65,,
2023-09-22,18.78,0.91,1.97,14.63,,
2023-09-25,18.69,0.9,1.98,14.75,,
2023-09-26,18.43,0.89,2.01,14.58,,
2023-09-27,18.45,0.89,2,14.54,,
2023-10-04,18,0.87,2.05,31.68,,
2023-10-05,17.99,0.87,2.06,31.30,,
2023-10-06,18.07,0.87,2.05,30.98,,
2023-10-10,18.02,0.87,2.05,31.16,,
2023-10-11,18.38,0.89,2.01,32.01,,
2023-10-12,18.6,0.9,1.99,32.34,,
2023-10-13,18.43,0.89,2.01,31.91,,
2023-10-16,18.28,0.88,2.02,31.59,,
2023-10-17,18.46,0.89,2,32.57,,
2023-10-18,18.48,0.89,2,33.09,,
2023-10-19,18.12,0.88,2.04,32.62,,
2023-10-20,17.82,0.86,2.08,32.29,,
2023-10-23,17.68,0.86,2.09,32.10,,
2023-10-24,17.88,0.87,2.07,32.15,,
2023-10-25,17.72,0.86,2.09,31.91,,
2023-10-26,17.24,0.83,2.15,31.30,,
2023-10-27,17.27,0.84,2.14,31.59,,
2023-10-30,17.33,0.84,2.13,31.59,,
2023-10-31,17.08,0.83,2.16,31.40,,
2023-11-01,17.26,0.84,2.14,32.20,,
2023-11-02,17.57,0.85,2.1,32.71,,
2023-11-03,17.76,0.86,2.08,32.66,,
2023-11-06,18.78,0.91,1.97,33.27,,
2023-11-07,18.34,0.89,2.02,33.27,,
2023-11-08,18.17,0.88,2.04,32.81,,
2023-11-09,18.21,0.88,2.03,32.99,,
2023-11-10,18.11,0.88,2.04,33.09,,
2023-11-13,18.06,0.87,2.05,33.04,,
2023-11-14,18.29,0.89,2.02,33.23,,
2023-11-15,18.69,0.9,1.98,33.88,,
2023-11-16,18.7,0.91,1.98,34.17,,
2023-11-17,18.56,0.9,1.99,34.03,,
2023-11-20,18.75,0.91,1.97,34.12,,
2023-11-21,18.9,0.91,1.96,34.17,,
2023-11-22,18.91,0.92,1.96,34.17,,
2023-11-23,18.93,0.92,1.95,33.98,,
2023-11-24,18.79,0.91,1.97,33.65,,
2023-11-27,18.79,0.91,1.97,33.46,,
2023-11-28,18.98,0.92,1.95,34.12,,
2023-11-29,18.97,0.92,1.95,34.12,,
2023-11-30,19.09,0.92,1.94,34.17,,
2023-12-01,18.86,0.91,1.96,33.79,,
2023-12-04,18.93,0.92,1.95,34.07,,
2023-12-05,18.77,0.91,1.97,33.42,,
2023-12-06,18.78,0.91,1.97,33.65,,
2023-12-07,18.76,0.91,1.97,33.56,,
2023-12-08,18.95,0.92,1.95,34.07,,
2023-12-11,19.01,0.92,1.94,34.26,,
2023-12-12,19.08,0.92,1.94,34.50,,
2023-12-13,18.9,0.91,1.96,34.17,,
2023-12-14,19.15,0.93,1.93,34.31,,
2023-12-15,19.43,0.94,1.9,34.40,,
2023-12-18,19.46,0.94,1.9,34.21,,
2023-12-19,19.47,0.94,1.9,34.45,,
2023-12-20,19.04,0.94,1.87,35.11,,
2023-12-21,18.94,0.93,1.88,35.20,,
2023-12-22,18.93,0.93,1.88,35.62,,
2023-12-26,18.97,0.94,1.87,35.95,,
2023-12-27,19.06,0.94,1.86,36.61,,
2023-12-28,19.36,0.96,1.83,36.84,,
2024-01-02,19.56,0.97,1.81,27.46,,
2024-01-03,19.1,0.94,1.86,26.56,,
2024-01-04,18.95,0.94,1.87,26.42,,
2024-01-05,18.88,0.93,1.88,26.42,,
2024-01-08,18.81,0.93,1.89,26.39,,
2024-01-09,18.76,0.93,1.89,25.77,,
2024-01-10,18.62,0.92,1.91,25.39,,
2024-01-11,18.6,0.92,1.91,25.25,,
2024-01-12,18.49,0.91,1.92,25.21,,
2024-01-15,18.49,0.91,1.92,25.49,,
2024-01-16,18.28,0.9,1.94,25.04,,
2024-01-17,17.83,0.88,1.99,24.49,,
2024-01-18,17.86,0.88,1.99,24.73,,
2024-01-19,18.1,0.89,1.96,25.77,,
2024-01-22,18.04,0.89,1.97,25.90,,
2024-01-23,18.15,0.9,1.96,25.94,,
2024-01-24,18.08,0.89,1.96,25.52,,
2024-01-25,18.1,0.89,1.96,25.56,,
2024-01-26,18.16,0.9,1.95,25.32,,
2024-01-29,18.35,0.91,1.93,25.66,,
2024-01-30,18.34,0.91,1.93,25.63,,
2024-01-31,18.33,0.91,1.93,25.08,,
2024-02-01,18.67,0.92,1.9,25.39,,
2024-02-02,19.2,0.95,1.85,25.94,,
2024-02-05,19.03,0.94,1.86,25.63,,
2024-02-06,18.92,0.94,1.87,25.66,,
2024-02-07,19.16,0.95,1.85,25.87,,
2024-02-08,19.24,0.95,1.84,25.56,,
2024-02-13,19.46,0.96,1.82,25.94,,
2024-02-14,19.24,0.95,1.84,25.52,,
2024-02-15,19.19,0.95,1.85,25.18,,
2024-02-16,19.45,0.96,1.82,25.11,,
2024-02-19,19.69,0.97,1.8,25.46,,
2024-02-20,19.52,0.97,1.82,25.28,,
2024-02-21,19.48,0.96,1.82,25.18,,
2024-02-22,19.56,0.97,1.81,25.21,,
2024-02-23,19.59,0.97,1.81,25.15,,
2024-02-26,19.44,0.96,1.82,25.11,,
2024-02-27,19.27,0.95,1.84,25.15,,
2024-02-28,19.49,0.96,1.82,25.25,,
2024-02-29,19.42,0.96,1.83,25.32,,
2024-03-04,19.66,0.97,1.8,25.83,,
2024-03-05,19.48,0.96,1.82,25.42,,
2024-03-06,19.41,0.96,1.83,25.15,,
2024-03-07,19.46,0.96,1.82,24.90,,
2024-03-08,19.7,0.97,1.8,25.28,,
2024-03-11,19.54,0.97,1.81,24.97,,
2024-03-12,19.71,0.97,1.8,25.28,,
2024-03-13,19.79,0.98,1.79,25.56,,
2024-03-14,19.98,0.99,1.77,25.63,,
2024-03-15,19.6,0.97,1.81,24.94,,
2024-03-18,19.74,0.98,1.8,25.11,,
2024-03-19,19.52,0.97,1.82,25.11,,
2024-03-20,19.77,0.98,1.79,26.52,,
2024-03-21,20.27,1,1.75,27.35,,
2024-03-22,20.22,1,1.76,27.21,,
2024-03-25,20.14,1,1.76,26.97,,
2024-03-26,20.28,1,1.75,27.56,,
2024-03-27,20.27,1,1.75,27.53,,
2024-03-28,20.2,1,1.76,27.87,,
2024-03-29,20.21,1,1.76,28.42,,
2024-04-01,20.21,1,1.76,20.04,,
2024-04-02,20.25,1,1.75,20.78,,
2024-04-03,19.91,0.98,1.78,20.56,,
2024-04-04,20.17,1,1.76,20.85,,
2024-04-05,19.96,0.99,1.78,20.66,,
2024-04-08,19.98,0.99,1.78,20.66,,
2024-04-09,19.89,0.98,1.78,20.44,,
2024-04-11,19.91,0.98,1.78,20.56,,
2024-04-12,19.71,0.98,1.8,20.46,,
2024-04-15,19.63,0.97,1.81,20.09,,
2024-04-16,19.18,0.95,1.85,19.56,,
2024-04-17,18.99,0.94,1.87,19.29,,
2024-04-18,19.36,0.96,1.83,19.46,,
2024-04-19,19.04,0.94,1.86,18.97,,
2024-04-22,19.32,0.96,1.84,18.60,,
2024-04-23,19.27,0.95,1.84,18.46,,
2024-04-24,19.66,0.97,1.81,19.21,,
2024-04-25,19.31,0.95,1.84,18.65,,
2024-04-26,19.52,0.97,1.82,18.75,,
2024-04-29,19.75,0.98,1.8,18.75,,
2024-04-30,19.78,0.98,1.79,18.94,,
2024-05-02,20.7,0.97,1.86,19.07,,
2024-05-03,20.64,0.97,1.86,18.97,,
2024-05-07,21.09,0.99,1.82,19.87,,
2024-05-08,21.17,1,1.82,19.87,,
2024-05-09,20.96,0.99,1.84,19.48,,
2024-05-10,21.06,0.99,1.83,19.36,,
2024-05-13,21.05,0.99,1.83,19.16,,
2024-05-14,21.07,0.99,1.83,19.14,,
2024-05-16,21.25,1,1.81,19.12,,
2024-05-17,21.03,0.99,1.83,18.92,,
2024-05-20,21.16,1,1.82,19.29,,
2024-05-21,21.02,0.99,1.83,19.16,,
2024-05-22,21.02,0.99,1.83,18.99,,
2024-05-23,21,0.99,1.83,19.14,,
2024-05-24,20.74,0.98,1.86,18.55,,
2024-05-27,21.01,0.99,1.83,18.87,,
2024-05-28,21.01,0.99,1.83,18.97,,
2024-05-29,20.66,0.97,1.86,18.38,,
2024-05-30,20.33,0.96,1.89,17.97,,
2024-05-31,20.34,0.96,1.89,17.97,,
2024-06-03,20.7,0.97,1.86,18.50,,
2024-06-04,20.54,0.97,1.87,18.41,,
2024-06-05,20.75,0.98,1.86,18.92,,
2024-06-07,21.01,0.99,1.83,18.90,,
2024-06-10,20.84,0.98,1.85,18.50,,
2024-06-11,20.87,0.98,1.84,18.38,,
2024-06-12,21.05,0.99,1.83,18.70,,
2024-06-13,21.26,1,1.81,19.21,,
2024-06-14,21.29,1,1.81,19.46,,
2024-06-17,18.39,0.98,1.82,19.09,,
2024-06-18,18.52,0.99,1.81,19.51,,
2024-06-19,18.75,1,1.78,19.85,,
2024-06-20,18.81,1,1.78,19.95,,
2024-06-21,18.66,1,1.79,19.56,,
2024-06-24,18.52,0.99,1.8,19.70,,
2024-06-25,18.59,0.99,1.8,19.75,,
2024-06-26,18.71,1,1.79,19.87,,
2024-06-27,18.66,1,1.79,19.95,,
2024-06-28,18.75,1,1.78,19.92,,
2024-07-01,18.79,1,1.78,17.33,,
2024-07-02,18.64,1,1.79,17.33,,
2024-07-03,18.73,1,1.78,17.33,,
2024-07-04,18.93,1.01,1.76,17.92,,
2024-07-05,19.19,1.02,1.74,18.45,,
2024-07-08,19.16,1.02,1.74,18.51,,
2024-07-09,19.23,1.03,1.73,18.60,,
2024-07-10,19.24,1.03,1.73,18.60,,
2024-07-11,19.4,1.03,1.72,18.55,,
2024-07-12,19.18,1.02,1.74,17.88,,
2024-07-15,19.21,1.03,1.74,18.36,,
2024-07-16,19.25,1.03,1.73,18.58,,
2024-07-17,19.09,1.02,1.75,18.36,,
2024-07-18,18.96,1.01,1.76,18.41,,
2024-07-19,18.77,1,1.78,17.88,,
2024-07-22,18.55,0.99,1.8,17.58,,
2024-07-23,18.63,0.99,1.79,17.77,,
2024-07-24,18.52,0.99,1.8,17.37,,
2024-07-25,18.2,0.97,1.83,17.03,,
2024-07-26,18.34,0.98,1.82,17.14,,
2024-07-29,18.57,0.99,1.8,17.20,,
2024-07-30,18.38,0.98,1.81,17.16,,
2024-07-31,18.6,0.99,1.79,17.77,,
2024-08-01,18.65,1,1.79,17.60,,
2024-08-02,17.97,0.96,1.86,16.86,,
2024-08-05,16.39,0.87,2.03,15.12,,
2024-08-06,16.93,0.9,1.97,15.36,,
2024-08-07,17.24,0.92,1.93,15.82,,
2024-08-08,17.16,0.92,1.94,15.55,,
2024-08-09,17.37,0.93,1.92,15.82,,
2024-08-12,17.57,0.94,1.9,15.99,,
2024-08-13,17.6,0.94,1.89,16.12,,
2024-08-14,17.75,0.95,1.88,16.35,,
2024-08-16,18.09,0.97,1.84,16.99,,
2024-08-19,17.94,0.96,1.86,16.59,,
2024-08-20,18.09,0.97,1.84,16.71,,
2024-08-21,18.12,0.97,1.84,16.59,,
2024-08-22,18.16,0.97,1.83,16.59,,
2024-08-23,18.12,0.97,1.84,16.46,,
2024-08-26,18.09,0.97,1.84,16.12,,
2024-08-27,18.03,0.96,1.85,16.06,,
2024-08-28,18.04,0.96,1.85,16.18,,
2024-08-29,17.85,0.95,1.87,15.67,,
2024-08-30,17.93,0.96,1.86,15.74,,
2024-09-02,17.98,0.96,1.85,15.76,,
2024-09-03,17.86,0.95,1.86,15.36,,
2024-09-04,17.3,0.92,1.93,14.83,,
2024-09-05,17.26,0.92,1.93,14.62,,
2024-09-06,17.04,0.91,1.95,14.59,,
2024-09-09,16.99,0.91,1.96,14.30,,
2024-09-10,16.9,0.9,1.97,14.02,,
2024-09-11,16.83,0.9,1.98,13.75,,
2024-09-12,17.23,0.92,1.93,14.04,,
2024-09-13,17.25,0.92,1.93,13.64,,
2024-09-19,14.5,0.9,1.93,13.37,,
2024-09-20,14.58,0.91,1.92,13.34,,
2024-09-23,14.63,0.91,1.91,13.26,,
2024-09-24,14.79,0.92,1.89,13.39,,
2024-09-25,14.59,0.91,1.91,13.17,,
2024-09-26,15.02,0.94,1.86,13.70,,
2024-09-27,14.9,0.93,1.88,13.60,,
2024-09-30,14.58,0.91,1.92,13.03,,
2024-10-02,14.4,0.9,1.94,12.38,,
2024-10-04,14.44,0.9,1.93,12.24,,
2024-10-07,14.67,0.91,1.9,12.32,,
2024-10-08,14.58,0.91,1.91,12.18,,
2024-10-10,14.61,0.91,1.91,11.90,,
2024-10-11,14.6,0.91,1.91,11.98,,
2024-10-14,14.75,0.92,1.89,12.28,,
2024-10-15,14.8,0.92,1.89,12.32,,
2024-10-16,14.67,0.91,1.9,12.02,,
2024-10-17,14.67,0.91,1.9,12.06,,
2024-10-18,14.58,0.91,1.92,11.96,,
2024-10-21,14.64,0.91,1.91,11.92,,
2024-10-22,14.45,0.9,1.93,11.66,,
2024-10-23,14.61,0.91,1.91,11.94,,
2024-10-24,14.51,0.9,1.93,11.44,,
2024-10-25,14.52,0.9,1.92,11.29,,
2024-10-28,14.69,0.91,1.9,11.74,,
2024-10-29,14.72,0.92,1.9,12.04,,
2024-10-30,14.58,0.91,1.92,11.94,,
2024-10-31,14.37,0.9,1.94,11.96,,
2024-11-01,14.29,0.89,1.95,11.78,,
2024-11-04,14.55,0.91,1.92,11.86,,
2024-11-05,14.49,0.9,1.93,11.64,,
2024-11-06,14.41,0.9,1.94,11.58,,
2024-11-07,14.42,0.9,1.94,11.62,,
2024-11-08,14.4,0.9,1.94,11.52,,
2024-11-11,14.24,0.89,1.96,11.11,,
2024-11-12,13.96,0.87,2,10.71,,
2024-11-13,13.6,0.85,2.05,10.22,,
2024-11-14,13.62,0.85,2.05,10.08,,
2024-11-15,13.6,0.85,2.05,10.81,,
2024-11-18,13.9,0.87,2.01,11.46,,
2024-11-19,13.91,0.87,2.01,11.37,,
2024-11-20,14.01,0.87,1.99,11.17,,
2024-11-21,14,0.87,1.99,11.39,,
2024-11-22,14.12,0.88,1.98,11.31,,
2024-11-25,14.31,0.89,1.95,11.70,,
2024-11-26,14.23,0.89,1.96,11.78,,
2024-11-27,14.13,0.88,1.98,11.37,,
2024-11-28,14.14,0.88,1.97,11.21,,
2024-11-29,13.87,0.86,2.01,10.95,,
2024-12-02,13.86,0.86,2.02,10.83,,
2024-12-03,14.12,0.88,1.98,10.83,,
2024-12-04,13.91,0.87,2.01,10.73,,
2024-12-05,13.79,0.86,2.03,10.85,,
2024-12-06,13.71,0.85,2.04,10.93,,
2024-12-09,13.32,0.83,2.1,10.79,,
2024-12-10,13.65,0.85,2.05,10.91,,
2024-12-11,13.78,0.86,2.03,10.91,,
2024-12-12,14.01,0.87,1.99,11.29,,
2024-12-13,14.08,0.88,1.98,11.33,,
2024-12-16,14.05,0.88,1.99,11.23,,
2024-12-17,13.86,0.86,2.01,10.95,,
2024-12-18,14.02,0.87,1.99,11.09,,
2024-12-19,12.85,0.85,2.03,10.73,,
2024-12-20,12.68,0.84,2.06,10.71,,
2024-12-23,12.88,0.85,2.03,10.81,,
2024-12-24,12.87,0.85,2.03,10.99,,
2024-12-26,12.81,0.85,2.04,10.83,,
2024-12-27,12.68,0.84,2.06,10.85,,
2024-12-30,12.66,0.84,2.06,10.75,,
2025-01-02,12.66,0.84,2.06,10.35,,
2025-01-03,12.88,0.86,2.03,10.54,,
2025-01-06,13.13,0.87,1.99,10.83,,
2025-01-07,13.15,0.87,1.98,10.73,,
2025-01-08,13.31,0.88,1.96,11.10,,
2025-01-09,13.31,0.88,1.96,10.87,,
2025-01-10,13.28,0.88,1.96,10.71,,
2025-01-13,13.14,0.87,1.99,10.48,,
2025-01-14,13.19,0.88,1.98,10.44,,
2025-01-15,13.18,0.87,1.98,10.40,,
2025-01-16,13.34,0.89,1.96,10.52,,
2025-01-17,13.32,0.88,1.96,10.40,,
2025-01-20,13.3,0.88,1.96,10.35,,
2025-01-21,13.29,0.88,1.96,10.37,,
2025-01-22,13.45,0.89,1.94,10.52,,
2025-01-23,13.28,0.88,1.97,10.40,,
2025-01-24,13.39,0.89,1.95,10.40,,
2025-01-31,13.29,0.88,1.96,10.15,,
2025-02-03,12.95,0.86,2.01,9.88,,
2025-02-04,13.1,0.87,1.99,10.21,,
2025-02-05,13.25,0.88,1.97,10.25,,
2025-02-06,13.4,0.89,1.95,10.46,,
2025-02-07,13.31,0.88,1.96,10.40,,
2025-02-10,13.31,0.88,1.96,10.77,,
2025-02-11,13.4,0.89,1.95,10.79,,
2025-02-12,13.45,0.89,1.94,10.81,,
2025-02-13,13.63,0.91,1.92,10.81,,
2025-02-14,13.68,0.91,1.91,10.85,,
2025-02-17,13.78,0.92,1.9,10.85,,
2025-02-18,13.86,0.92,1.88,11.02,,
2025-02-19,14.1,0.94,1.85,11.37,,
2025-02-20,14.01,0.93,1.86,11.31,,
2025-02-21,14.01,0.93,1.86,11.28,,
2025-02-24,13.94,0.93,1.87,11.10,,
2025-02-25,13.86,0.92,1.88,11.08,,
2025-02-26,13.92,0.93,1.87,10.97,,
2025-02-27,13.82,0.92,1.89,10.91,,
2025-02-28,13.35,0.89,1.96,10.56,,
2025-03-04,13.32,0.89,1.96,10.56,,
2025-03-05,13.46,0.9,1.94,10.46,,
2025-03-06,13.53,0.9,1.93,10.52,,
2025-03-07,13.47,0.9,1.94,10.40,,
2025-03-10,13.51,0.9,1.93,10.40,,
2025-03-11,13.33,0.89,1.96,10.38,,
2025-03-12,13.53,0.9,1.93,10.64,,
2025-03-13,13.52,0.9,1.93,10.60,,
2025-03-14,13.48,0.9,1.93,10.60,,
2025-03-17,13.69,0.91,1.91,11.16,,
2025-03-18,13.7,0.91,1.91,11.16,,
2025-03-19,13.79,0.92,1.9,11.33,,
2025-03-20,13.83,0.92,1.89,11.66,,
2025-03-21,13.86,0.92,1.88,11.95,,
2025-03-24,13.8,0.92,1.89,11.72,,
2025-03-25,13.72,0.91,1.9,11.59,,
2025-03-26,13.87,0.92,1.88,11.90,,
2025-03-27,13.67,0.91,1.91,11.97,,
2025-03-28,13.41,0.89,1.95,11.66,,
2025-03-31,13.01,0.87,2.01,11.20,,
2025-04-01,13.22,0.88,1.98,11.39,,
2025-04-02,13.14,0.88,1.99,11.39,,
2025-04-03,13.03,0.87,2,11.16,,
2025-04-04,12.92,0.86,2.02,10.87,,
2025-04-07,12.2,0.81,2.14,10.31,,
2025-04-08,12.23,0.82,2.14,10.37,,
2025-04-09,12.02,0.8,2.17,10.27,,
2025-04-10,12.82,0.86,2.04,10.93,,
2025-04-11,12.76,0.85,2.05,10.69,,
2025-04-14,12.88,0.86,2.03,10.89,,
2025-04-15,12.99,0.87,2.01,10.97,,
2025-04-16,12.83,0.86,2.04,10.60,,
2025-04-17,12.95,0.86,2.02,10.67,,
2025-04-18,13.02,0.87,2.01,10.71,,
2025-04-21,13.05,0.87,2,10.73,,
2025-04-22,13.04,0.87,2,10.66,,
2025-04-23,13.24,0.88,1.97,10.79,,
2025-04-24,13.22,0.88,1.98,10.79,,
2025-04-25,13.35,0.89,1.96,10.79,,
2025-04-28,13.36,0.89,1.96,10.81,,
2025-04-29,13.44,0.9,1.94,10.81,,
2025-04-30,13.4,0.89,1.95,10.75,,
2025-05-02,12.66,0.87,2.16,10.52,,
2025-05-07,12.73,0.87,2.14,10.58,,
2025-05-08,12.76,0.87,2.14,10.58,,
2025-05-09,12.75,0.87,2.14,10.62,,
2025-05-12,12.9,0.88,2.12,11.16,,
2025-05-13,12.92,0.88,2.11,11.02,,
2025-05-14,13.08,0.89,2.09,11.12,,
2025-05-15,12.99,0.89,2.1,11.10,,
2025-05-16,13.01,0.89,2.1,11.00,,
2025-05-19,12.9,0.88,2.12,10.81,,
2025-05-20,12.89,0.88,2.12,10.83,,
2025-05-21,13,0.89,2.1,10.79,,
2025-05-22,12.86,0.88,2.12,10.60,,
2025-05-23,12.86,0.88,2.12,10.50,,
2025-05-26,13.12,0.9,2.08,10.60,,
2025-05-27,13.09,0.89,2.09,10.44,,
2025-05-28,13.25,0.91,2.06,10.83,,
2025-05-29,13.5,0.92,2.02,10.87,,
2025-05-30,13.39,0.92,2.04,10.89,,
2025-06-02,13.39,0.92,2.04,11.00,,
2025-06-04,13.75,0.94,1.98,11.20,,
2025-06-05,13.95,0.95,1.96,11.45,,
2025-06-09,14.17,0.97,1.93,11.59,,
2025-06-10,14.25,0.97,1.92,11.47,,
2025-06-11,14.42,0.99,1.89,11.60,,
2025-06-12,13.34,0.98,1.88,11.53,,
2025-06-13,13.22,0.97,1.9,11.29,,
2025-06-16,13.47,0.99,1.87,11.08,,
2025-06-17,13.48,0.99,1.86,11.26,,
2025-06-18,13.58,1,1.85,11.59,,
2025-06-19,13.61,1,1.85,11.47,,
2025-06-20,13.81,1.02,1.82,11.53,,
2025-06-23,13.78,1.01,1.82,11.24,,
2025-06-24,14.19,1.04,1.77,11.72,,
2025-06-25,14.21,1.05,1.77,11.88,,
2025-06-26,14.08,1.04,1.78,11.66,,
2025-06-27,13.97,1.03,1.8,11.78,,
2025-06-30,14.04,1.03,1.79,11.59,,
2025-07-01,14.12,1.04,1.78,11.66,,
2025-07-02,14.06,1.03,1.79,11.78,,
2025-07-03,14.25,1.05,1.76,12.36,,
2025-07-04,13.96,1.03,1.8,12.26,,
2025-07-07,13.98,1.03,1.8,11.95,,
2025-07-08,14.24,1.05,1.76,11.90,,
2025-07-09,14.33,1.05,1.75,11.70,,
2025-07-10,14.56,1.07,1.73,11.82,,
2025-07-11,14.53,1.07,1.73,12.13,,
2025-07-14,14.64,1.08,1.72,12.11,,
2025-07-15,14.71,1.08,1.71,12.34,,
2025-07-16,14.57,1.07,1.72,12.53,,
2025-07-17,14.6,1.07,1.72,12.92,,
2025-07-18,14.58,1.07,1.72,13.00,,
2025-07-21,14.69,1.08,1.71,13.14,,
2025-07-22,14.5,1.07,1.73,12.79,,
2025-07-23,14.56,1.07,1.73,12.86,,
2025-07-24,14.59,1.07,1.72,12.79,,
2025-07-25,14.62,1.07,1.72,12.77,,
2025-07-28,14.68,1.08,1.71,13.64,,
2025-07-29,14.78,1.09,1.7,13.68,,
2025-07-30,14.89,1.09,1.69,14.07,,
2025-07-31,14.84,1.09,1.69,13.83,,
2025-08-01,14.27,1.05,1.76,13.35,,
2025-08-04,14.4,1.06,1.74,13.50,,
2025-08-05,14.63,1.08,1.72,13.54,,
2025-08-06,14.63,1.08,1.72,13.33,,
2025-08-07,14.77,1.09,1.7,13.66,,
2025-08-08,14.69,1.08,1.71,13.91,,
2025-08-11,14.67,1.08,1.71,13.76,,
2025-08-12,14.59,1.07,1.72,13.77,,
2025-08-13,14.75,1.09,1.7,13.93,,
2025-08-14,14.76,1.09,1.7,13.87,,
